Sr,District,Taluka,Taluka Normal RainFall,1,2,3,4,5,6,7,8,9,10,11,12,13,14,15,16,17,18,19,20,21,22,23,24,25,26,27,28,Total RainFall,%RainFall,Rainy Days
1,Thane,Thane,1.0, - , - , - , - , - , - , - , - , - , - , - , - , - , - , - , - , - , - , - , - , - , - , - , - , - , - , - , - ,0,0,0
2,,Kalyan,1.2, - , - , - , - , - , - , - , - , - , - , - , - , - , - , - , - , - , - , - , - , - , - , - , - , - , - , - , - ,0,0,0
3,,Murbad,0.8, - , - , - , - , - , - , - , - , - , - , - , - , - , - , - , - , - , - , - , - , - , - , - , - , - , - , - , - ,0,0,0
4,,Bhivandi,1.2, - , - , - , - , - , - , - , - , - , - , - , - , - , - , - , - , - , - , - , - , - , - , - , - , - , - , - , - ,0,0,0
5,,Shahapur,1.0, - , - , - , - , - , - , - , - , - , - , - , - , - , - , - , - , - , - , - , - , - , - , - , - , - , - , - , - ,0,0,0
6,,Ulhasnagar,1.2, - , - , - , - , - , - , - , - , - , - , - , - , - , - , - , - , - , - , - , - , - , - , - , - , - , - , - , - ,0,0,0
7,,Ambarnath,1.2, - , - , - , - , - , - , - , - , - , - , - , - , - , - , - , - , - , - , - , - , - , - , - , - , - , - , - , - ,0,0,0
8,Raigadh,Alibag,2.0, - , - , - , - , - , - , - , - , - , - , - , - , - , - , - , - , - , - , - , - , - , - , - , - , - , - , - , - ,0,0,0
9,,Panwel,0.8, - , - , - , - , - , - , - , - , - , - , - , - , - , - , - , - , - , - , - , - , - , - , - , - , - , - , - , - ,0,0,0
10,,Karjat,0.5, - , - , - , - , - , - , - , - , - , - , - , - , - , - , - , - , - , - , - , - , - , - , - , - , - , - , - , - ,0,0,0
11,,Khalapur,0.1, - , - , - , - , - , - , - , - , - , - , - , - , - , - , - , - , - , - , - , - , - , - , - , - , - , - , - , - ,0,0,0
12,,Uran,1.7, - , - , - , - , - , - , - , - , - , - , - , - , - , - , - , - , - , - , - , - , - , - , - , - , - , - , - , - ,0,0,0
13,,Sudhagad,0.1, - , - , - , - , - , - , - , - , - , - , - , - , - , - , - , - , - , - , - , - , - , - , - , - , - , - , - , - ,0,0,0
14,,Pen,1.0, - , - , - , - , - , - , - , - , - , - , - , - , - , - , - , - , - , - , - , - , - , - , - , - , - , - , - , - ,0,0,0
15,,Mahad,0.4, - , - , - , - , - , - , - , - , - , - , - , - , - , - , - , - , - , - , - , - , - , - , - , - , - , - , - , - ,0,0,0
16,,Mangaon,0.5, - , - , - , - , - , - , - , - , - , - , - , - , - , - , - , - , - , - , - , - , - , - , - , - , - , - , - , - ,0,0,0
17,,Roha,0.7, - , - , - , - , - , - , - , - , - , - , - , - , - , - , - , - , - , - , - , - , - , - , - , - , - , - , - , - ,0,0,0
18,,Poladpur,0.1, - , - , - , - , - , - , - , - , - , - , - , - , - , - , - , - , - , - , - , - , - , - , - , - , - , - , - , - ,0,0,0
19,,Murud,0.1, - , - , - , - , - , - , - , - , - , - , - , - , - , - , - , - , - , - , - , - , - , - , - , - , - , - , - , - ,0,0,0
20,,Shriwardhan,0.1, - , - , - , - , - , - , - , - , - , - , - , - , - , - , - , - , - , - , - , - , - , - , - , - , - , - , - , - ,0,0,0
21,,Mahasala,0.1, - , - , - , - , - , - , - , - , - , - , - , - , - , - , - , - , - , - , - , - , - , - , - , - , - , - , - , - ,0,0,0
22,,Tala,0.5, - , - , - , - , - , - , - , - , - , - , - , - , - , - , - , - , - , - , - , - , - , - , - , - , - , - , - , - ,0,0,0
23,Ratnagiri,Chiplun,0.5, - , - , - , - , - , - , - , - , - , - , - , - , - , - , - , - , - , - , - , - , - , - , - , - , - , - , - , - ,0,0,0
24,,Dapoli,0.7, - , - , - , - , - , - , - , - , - , - , - , - , - , - , - , - , - , - , - , - , - , - , - , - , - , - , - , - ,0,0,0
25,,Khed,0.7, - , - , - , - , - , - , - , - , - , - , - , - , - , - , - , - , - , - , - , - , - , - , - , - , - , - , - , - ,0,0,0
26,,Guhagar,0.5, - , - , - , - , - , - , - , - , - , - , - , - , - , - , - , - , - , - , - , - , - , - , - , - , - , - , - , - ,0,0,0
27,,Mandangad,0.4, - , - , - , - , - , - , - , - , - , - , - , - , - , - , - , - , - , - , - , - , - , - , - , - , - , - , - , - ,0,0,0
28,,Ratnagiri,0.1, - , - , - , - , - , - , - , - , - , - , - , - , - , - , - , - , - , - , - , - , - , - , - , - , - , - , - , - ,0,0,0
29,,Sangameshwar,0.2, - , - , - , - , - , - , - , - , - , - , - , - , - , - , - , - , - , - , - , - , - , - , - , - , - , - , - , - ,0,0,0
30,,Rajapur,0.2, - , - , - , - , - , - , - , - , - , - , - , - , - , - , - , - , - , - , - , - , - , - , - , - , - , - , - , - ,0,0,0
31,,Lanja,0.1, - , - , - , - , - , - , - , - , - , - , - , - , - , - , - , - , - , - , - , - , - , - , - , - , - , - , - , - ,0,0,0
32,Sindhudurg,Devgad,0.1,0.0, - ,0.0,0.0,0.0,0.0,0.0,0.0,0.0,0.0,0.0,0.0,0.0,0.0,0.0,0.0,0.0,0.0,0.0,0.0,0.0,0.0,0.0,0.0,0.0,0.0,0.0,0.0,0,0,0
33,,Malwan,0.6,0.0, - ,0.0,0.0,0.0,0.0,0.0,0.0,0.0,0.0,0.0,0.0,0.0,0.0,0.0,0.0,0.0,0.0,0.0,0.0,0.0,0.0,0.0,0.0,0.0,0.0,0.0,0.0,0,0,0
34,,Sawantwadi,0.2,0.0, - ,0.0,0.0,0.0,0.0,0.0,0.0,0.0,0.0,0.0,0.0,0.0,0.0,0.0,0.0,0.0,0.0,0.0,0.0,0.0,0.0,0.0,0.0,0.0,0.0,0.0,0.0,0,0,0
35,,Vengurla,0.4,0.0, - ,0.0,0.0,0.0,0.0,0.0,0.0,0.0,0.0,0.0,0.0,0.0,0.0,0.0,0.0,0.0,0.0,0.0,0.0,0.0,0.0,0.0,0.0,0.0,0.0,0.0,0.0,0,0,0
36,,Kankawali,0.1,0.0, - ,0.0,0.0,0.0,0.0,0.0,0.0,0.0,0.0,0.0,0.0,0.0,0.0,0.0,0.0,0.0,0.0,0.0,0.0,0.0,0.0,0.0,0.0,0.0,0.0,0.0,0.0,0,0,0
37,,Kudal,0.3,0.0, - ,0.0,0.0,0.0,0.0,0.0,0.0,0.0,0.0,0.0,0.0,0.0,0.0,0.0,0.0,0.0,0.0,0.0,0.0,0.0,0.0,0.0,0.0,0.0,0.0,0.0,0.0,0,0,0
38,,Vaibhavwadi,0.2,0.0, - ,0.0,0.0,0.0,0.0,0.0,0.0,0.0,0.0,0.0,0.0,0.0,0.0,0.0,0.0,0.0,0.0,0.0,0.0,0.0,0.0,0.0,0.0,0.0,0.0,0.0,0.0,0,0,0
39,,Dodamarg,0.2,0.0, - ,0.0,0.0,0.0,0.0,0.0,0.0,0.0,0.0,0.0,0.0,0.0,0.0,0.0,0.0,0.0,0.0,0.0,0.0,0.0,0.0,0.0,0.0,0.0,0.0,0.0,0.0,0,0,0
40,Palghar,Vasai,1.2, - , - , - , - , - , - , - , - , - , - , - , - , - , - , - , - , - , - , - , - , - , - , - , - , - , - , - , - ,0,0,0
41,,Wada,0.8, - , - , - , - , - , - , - , - , - , - , - , - , - , - , - , - , - , - , - , - , - , - , - , - , - , - , - , - ,0,0,0
42,,Dahanu,0.8, - , - , - , - , - , - , - , - , - , - , - , - , - , - , - , - , - , - , - , - , - , - , - , - , - , - , - , - ,0,0,0
43,,Palghar,0.5, - , - , - , - , - , - , - , - , - , - , - , - , - , - , - , - , - , - , - , - , - , - , - , - , - , - , - , - ,0,0,0
44,,Javhar,0.1, - , - , - , - , - , - , - , - , - , - , - , - , - , - , - , - , - , - , - , - , - , - , - , - , - , - , - , - ,0,0,0
45,,Mokhada,0.8, - , - , - , - , - , - , - , - , - , - , - , - , - , - , - , - , - , - , - , - , - , - , - , - , - , - , - , - ,0,0,0
46,,Talasari,0.8, - , - , - , - , - , - , - , - , - , - , - , - , - , - , - , - , - , - , - , - , - , - , - , - , - , - , - , - ,0,0,0
47,,Vikramgad,0.1, - , - , - , - , - , - , - , - , - , - , - , - , - , - , - , - , - , - , - , - , - , - , - , - , - , - , - , - ,0,0,0
48,Nasik,Malegaon,2.4,0.0,0.0,0.0,0.0,0.0,0.0,0.0,0.0,0.0,0.0,0.0,0.0,0.0,0.0,0.0,0.0,0.0,0.0,0.0,0.0,0.0,0.0,0.0,0.0,0.0,0.0,0.0,0.0,0,0,0
49,,Baglan,0.8,0.0,0.0,0.0,0.0,0.0,0.0,0.0,0.0,0.0,0.0,0.0,0.0,0.0,0.0,0.0,0.0,0.0,0.0,0.0,0.0,0.0,0.0,0.0,0.0,0.0,0.0,0.0,0.0,0,0,0
50,,Kalwan,0.8,0.0,0.0,0.0,0.0,0.0,0.0,0.0,0.0,0.0,0.0,0.0,0.0,0.0,0.0,0.0,0.0,0.0,0.0,0.0,0.0,0.0,0.0,0.0,0.0,0.0,0.0,0.0,0.0,0,0,0
51,,Nandgaon,1.3,-,0.0,0.0,0.0,0.0,0.0,0.0,0.0,0.0,0.0,0.0,0.0,0.0,0.0,0.0,0.0,0.0,0.0,0.0,0.0,0.0,0.0,0.0,0.0,0.0,0.0,0.0,0.0,0,0,0
52,,Surgana,0.1,0.0,0.0,0.0,0.0,0.0,0.0,0.0,0.0,0.0,0.0,0.0,0.0,0.0,0.0,0.0,0.0,0.0,0.0,0.0,0.0,0.0,0.0,0.0,0.0,0.0,0.0,0.0,0.0,0,0,0
53,,Nasik,0.6,0.0,0.0,0.0,0.0,0.0,0.0,0.0,0.0,0.0,0.0,0.0,0.0,0.0,0.0,0.0,0.0,0.0,0.0,0.0,0.0,0.0,0.0,0.0,0.0,0.0,0.0,0.0,0.0,0,0,0
54,,Dindori,0.5,0.0,0.0,0.0,0.0,0.0,0.0,0.0,0.0,0.0,0.0,0.0,0.0,0.0,0.0,0.0,0.0,0.0,0.0,0.0,0.0,0.0,0.0,0.0,0.0,0.0,0.0,0.0,0.0,0,0,0
55,,Egatpuri,0.8,0.0,0.0,0.0,0.0,0.0,0.0,0.0,0.0,0.0,0.0,0.0,0.0,0.0,0.0,0.0,0.0,0.0,0.0,0.0,0.0,0.0,0.0,0.0,0.0,0.0,0.0,0.0,0.0,0,0,0
56,,Peth,1.7,0.0,0.0,0.0,0.0,0.0,0.0,0.0,0.0,0.0,0.0,0.0,0.0,0.0,0.0,0.0,0.0,0.0,0.0,0.0,0.0,0.0,0.0,0.0,0.0,0.0,0.0,0.0,0.0,0,0,0
57,,Niphad,0.5,0.0,0.0,0.0,0.0,0.0,0.0,0.0,0.0,0.0,0.0,0.0,0.0,0.0,0.0,0.0,0.0,0.0,0.0,0.0,0.0,0.0,0.0,0.0,0.0,0.0,0.0,0.0,0.0,0,0,0
58,,Sinnar,0.7,0.0,0.0,0.0,0.0,0.0,0.0,0.0,0.0,0.0,0.0,0.0,0.0,0.0,0.0,0.0,0.0,0.0,0.0,0.0,0.0,0.0,0.0,0.0,0.0,0.0,0.0,0.0,0.0,0,0,0
59,,Yevla,1.7,0.0,0.0,0.0,0.0,0.0,0.0,0.0,0.0,0.0,0.0,0.0,0.0,0.0,0.0,0.0,0.0,0.0,0.0,0.0,0.0,0.0,0.0,0.0,0.0,0.0,0.0,0.0,0.0,0,0,0
60,,Chandwad,1.0,0.0,0.0,0.0,0.0,0.0,0.0,0.0,0.0,0.0,0.0,0.0,0.0,0.0,0.0,0.0,0.0,0.0,0.0,0.0,0.0,0.0,0.0,0.0,0.0,0.0,0.0,0.0,0.0,0,0,0
61,,Trimbakeshwar,0.6,0.0,0.0,0.0,0.0,0.0,0.0,0.0,0.0,0.0,0.0,0.0,0.0,0.0,0.0,0.0,0.0,0.0,0.0,0.0,0.0,0.0,0.0,0.0,0.0,0.0,0.0,0.0,0.0,0,0,0
62,,Devali,0.8,0.0,0.0,0.0,0.0,0.0,0.0,0.0,0.0,0.0,0.0,0.0,0.0,0.0,0.0,0.0,0.0,0.0,0.0,0.0,0.0,0.0,0.0,0.0,0.0,0.0,0.0,0.0,0.0,0,0,0
63,Dhule,Dhule,2.1, - , - , - , - , - , - , - , - , - , - , - , - , - , - , - , - , - , - , - , - , - , - , - , - , - , - , - , - ,0,0,0
64,,Sakri,1.3, - , - , - , - , - , - , - , - , - , - , - , - , - , - , - , - , - , - , - , - , - , - , - , - , - , - , - , - ,0,0,0
65,,Shirpur,1.8, - , - , - , - , - , - , - , - , - , - , - , - , - , - , - , - , - , - , - , - , - , - , - , - , - , - , - , - ,0,0,0
66,,Shindkheda,1.8, - , - , - , - , - , - , - , - , - , - , - , - , - , - , - , - , - , - , - , - , - , - , - , - , - , - , - , - ,0,0,0
67,Nandurbar,Nandurbar,1.0, - , - , - , - , - , - , - , - , - , - , - , - , - , - , - , - , - , - , - , - , - , - , - , - , - , - , - , - ,0,0,0
68,,Navapur,1.5, - , - , - , - , - , - , - , - , - , - , - , - , - , - , - , - , - , - , - , - , - , - , - , - , - , - , - , - ,0,0,0
69,,Shahada,0.5, - , - , - , - , - , - , - , - , - , - , - , - , - , - , - , - , - , - , - , - , - , - , - , - , - , - , - , - ,0,0,0
70,,Taloda,1.2, - , - , - , - , - , - , - , - , - , - , - , - , - , - , - , - , - , - , - , - , - , - , - , - , - , - , - , - ,0,0,0
71,,Akrani,0.2, - , - , - , - , - , - , - , - , - , - , - , - , - , - , - , - , - , - , - , - , - , - , - , - , - , - , - , - ,0,0,0
72,,Akkalkua,0.1, - , - , - , - , - , - , - , - , - , - , - , - , - , - , - , - , - , - , - , - , - , - , - , - , - , - , - , - ,0,0,0
73,Jalgaon,Jalgaon,2.6,-,-,-,-,-,-,-,-,-,-,-,-,-,-,-,-,-,0.0, - , - ,0.0,0.0,0.0,0.0,0.0, - ,0.0,0.0,0,0,0
74,,Bhusawal,2.8,-,-,-,-,-,-,-,-,-,-,-,-,-,-,-,-,-,0.0, - , - ,0.0,0.0,0.0,0.0,0.0, - ,0.0,0.0,0,0,0
75,,Yaval,2.6,-,-,-,-,-,-,-,-,-,-,-,-,-,-,-,-,-,0.0, - , - ,0.0,0.0,0.0,0.0,0.0, - ,0.0,0.0,0,0,0
76,,Raver,4.1,-,-,-,-,-,-,-,-,-,-,-,-,-,-,-,-,-,0.0, - , - ,0.0,0.0,0.0,0.0,0.0, - ,0.0,0.0,0,0,0
77,,Edlabad mukainagar,3.9,-,-,-,-,-,-,-,-,-,-,-,-,-,-,-,-,-,0.0, - , - ,0.0,0.0,0.0,0.0,0.0, - ,0.0,0.0,0,0,0
78,,Amalner,3.1,-,-,-,-,-,-,-,-,-,-,-,-,-,-,-,-,-,0.0, - , - ,0.0,0.0,0.0,0.0,0.0, - ,0.0,0.0,0,0,0
79,,Chopda,1.8,-,-,-,-,-,-,-,-,-,-,-,-,-,-,-,-,-,0.0, - , - ,0.0,0.0,0.0,0.0,0.0, - ,0.0,0.0,0,0,0
80,,Erandol,2.4,-,-,-,-,-,-,-,-,-,-,-,-,-,-,-,-,-,0.0, - , - ,0.0,0.0,0.0,0.0,0.0, - ,0.0,1.0,1,62.5,0
81,,Parola,1.6,-,-,-,-,-,-,-,-,-,-,-,-,-,-,-,-,-,0.0, - , - ,0.0,0.0,0.0,0.0,0.0, - ,0.0,0.0,0,0,0
82,,Chalisgaon,1.1,-,-,-,-,-,-,-,-,-,-,-,-,-,-,-,-,-,0.0, - , - ,0.0,0.0,0.0,0.0,0.0, - ,0.0,11.0,11,323.5,1
83,,Jamner,3.4,-,-,-,-,-,-,-,-,-,-,-,-,-,-,-,-,-,0.0, - , - ,0.0,0.0,0.0,0.0,0.0, - ,0.0,3.0,3,125,1
84,,Pachora,2.4,-,-,-,-,-,-,-,-,-,-,-,-,-,-,-,-,-,0.0, - , - ,0.0,0.0,0.0,0.0,0.0, - ,0.0,6.0,6,200,1
85,,Bhadgaon,3.0,-,-,-,-,-,-,-,-,-,-,-,-,-,-,-,-,-,0.0, - , - ,0.0,0.0,0.0,0.0,0.0, - ,0.0,7.0,7,291.7,1
86,,Dharangaon,2.4,-,-,-,-,-,-,-,-,-,-,-,-,-,-,-,-,-,0.0, - , - ,0.0,0.0,0.0,0.0,0.0, - ,0.0,31.0,31,1107.1,1
87,,Bodhwada,2.8,-,-,-,-,-,-,-,-,-,-,-,-,-,-,-,-,-,0.0, - , - ,0.0,0.0,0.0,0.0,0.0, - ,8.0,0.0,8,727.3,1
88,Ahamadnagar,Nagar,1.1, - , - , - , - , - , - , - , - , - , - , - , - , - , - , - , - , - , - , - , - , - , - , - , - , - , - , - , - ,0,0,0
89,,Parner,1.4, - , - , - , - , - , - , - , - , - , - , - , - , - , - , - , - , - , - , - , - , - , - , - , - , - , - , - , - ,0,0,0
90,,Shrigonda,1.0, - , - , - , - , - , - , - , - , - , - , - , - , - , - , - , - , - , - , - , - , - , - , - , - , - , - , - , - ,0,0,0
91,,Karjat,2.1, - , - , - , - , - , - , - , - , - , - , - , - , - , - , - , - , - , - , - , - , - , - , - , - , - , - , - , - ,0,0,0
92,,Jamkhed,2.6, - , - , - , - , - , - , - , - , - , - , - , - , - , - , - , - , - , - , - , - , - , - , - , - , - , - , - , - ,0,0,0
93,,Shegaon,3.3, - , - , - , - , - , - , - , - , - , - , - , - , - , - , - , - , - , - , - , - , - , - , - , - , - , - , - , - ,0,0,0
94,,Pathardi,2.9, - , - , - , - , - , - , - , - , - , - , - , - , - , - , - , - , - , - , - , - , - , - , - , - , - , - , - , - ,0,0,0
95,,Newasa,1.6, - , - , - , - , - , - , - , - , - , - , - , - , - , - , - , - , - , - , - , - , - , - , - , - , - , - , - , - ,0,0,0
96,,Rahuri,1.9, - , - , - , - , - , - , - , - , - , - , - , - , - , - , - , - , - , - , - , - , - , - , - , - , - , - , - , - ,0,0,0
97,,Sangamner,0.7, - , - , - , - , - , - , - , - , - , - , - , - , - , - , - , - , - , - , - , - , - , - , - , - , - , - , - , - ,0,0,0
98,,Akola,0.1, - , - , - , - , - , - , - , - , - , - , - , - , - , - , - , - , - , - , - , - , - , - , - , - , - , - , - , - ,0,0,0
99,,Kopargaon,1.8, - , - , - , - , - , - , - , - , - , - , - , - , - , - , - , - , - , - , - , - , - , - , - , - , - , - , - , - ,0,0,0
100,,Shrirampur,0.3, - , - , - , - , - , - , - , - , - , - , - , - , - , - , - , - , - , - , - , - , - , - , - , - , - , - , - , - ,0,0,0
101,,Rahata,1.8, - , - , - , - , - , - , - , - , - , - , - , - , - , - , - , - , - , - , - , - , - , - , - , - , - , - , - , - ,0,0,0
102,Pune,Pune city,0.9, - , - , - , - , - , - , - , - , - , - , - , - , - , - , - , - , - , - , - , - , - , - , - , - , - , - , - , - ,0,0,0
103,,Haveli pune,0.9, - , - , - , - , - , - , - , - , - , - , - , - , - , - , - , - , - , - , - , - , - , - , - , - , - , - , - , - ,0,0,0
104,,Mulshi paud,0.5, - , - , - , - , - , - , - , - , - , - , - , - , - , - , - , - , - , - , - , - , - , - , - , - , - , - , - , - ,0,0,0
105,,Bhor,6.7, - , - , - , - , - , - , - , - , - , - , - , - , - , - , - , - , - , - , - , - , - , - , - , - , - , - , - , - ,0,0,0
106,,Maval wadgaon,0.6, - , - , - , - , - , - , - , - , - , - , - , - , - , - , - , - , - , - , - , - , - , - , - , - , - , - , - , - ,0,0,0
107,,Velhe,0.1, - , - , - , - , - , - , - , - , - , - , - , - , - , - , - , - , - , - , - , - , - , - , - , - , - , - , - , - ,0,0,0
108,,Junnar,1.1, - , - , - , - , - , - , - , - , - , - , - , - , - , - , - , - , - , - , - , - , - , - , - , - , - , - , - , - ,0,0,0
109,,Khed Rajgurunagar,0.8, - , - , - , - , - , - , - , - , - , - , - , - , - , - , - , - , - , - , - , - , - , - , - , - , - , - , - , - ,0,0,0
110,,Ambegaon ghodegaon,0.2, - , - , - , - , - , - , - , - , - , - , - , - , - , - , - , - , - , - , - , - , - , - , - , - , - , - , - , - ,0,0,0
111,,Shirur ghodnandi,2.1, - , - , - , - , - , - , - , - , - , - , - , - , - , - , - , - , - , - , - , - , - , - , - , - , - , - , - , - ,0,0,0
112,,Baramati,0.8, - , - , - , - , - , - , - , - , - , - , - , - , - , - , - , - , - , - , - , - , - , - , - , - , - , - , - , - ,0,0,0
113,,Indapur,1.5, - , - , - , - , - , - , - , - , - , - , - , - , - , - , - , - , - , - , - , - , - , - , - , - , - , - , - , - ,0,0,0
114,,Daund,0.9, - , - , - , - , - , - , - , - , - , - , - , - , - , - , - , - , - , - , - , - , - , - , - , - , - , - , - , - ,0,0,0
115,,Purandar saswad,0.6, - , - , - , - , - , - , - , - , - , - , - , - , - , - , - , - , - , - , - , - , - , - , - , - , - , - , - , - ,0,0,0
116,Solapur,N.solapur,3.4,0.0, - , - , - , - , - , - , - , - , - , - , - , - , - , - , - , - , - , - , - , - , - , - , - , - , - , - , - ,0,0,0
117,,S.solapur,3.4,0.0, - , - , - , - , - , - , - , - , - , - , - , - , - , - , - , - , - , - , - , - , - , - , - , - , - , - , - ,0,0,0
118,,Barshi,2.7,0.0, - , - , - , - , - , - , - , - , - , - , - , - , - , - , - , - , - , - , - , - , - , - , - , - , - , - , - ,0,0,0
119,,Akkalkot,3.9,0.0, - , - , - , - , - , - , - , - , - , - , - , - , - , - , - , - , - , - , - , - , - , - , - , - , - , - , - ,0,0,0
120,,Mohol,1.8,0.0, - , - , - , - , - , - , - , - , - , - , - , - , - , - , - , - , - , - , - , - , - , - , - , - , - , - , - ,0,0,0
121,,Madha,2.5,0.0, - , - , - , - , - , - , - , - , - , - , - , - , - , - , - , - , - , - , - , - , - , - , - , - , - , - , - ,0,0,0
122,,Karmala,1.7,0.0, - , - , - , - , - , - , - , - , - , - , - , - , - , - , - , - , - , - , - , - , - , - , - , - , - , - , - ,0,0,0
123,,Pandharpur,2.0,0.0, - , - , - , - , - , - , - , - , - , - , - , - , - , - , - , - , - , - , - , - , - , - , - , - , - , - , - ,0,0,0
124,,Sangola,1.7,0.0, - , - , - , - , - , - , - , - , - , - , - , - , - , - , - , - , - , - , - , - , - , - , - , - , - , - , - ,0,0,0
125,,Malshiras,1.0,0.0, - , - , - , - , - , - , - , - , - , - , - , - , - , - , - , - , - , - , - , - , - , - , - , - , - , - , - ,0,0,0
126,,Mangalwedha,0.2,0.0, - , - , - , - , - , - , - , - , - , - , - , - , - , - , - , - , - , - , - , - , - , - , - , - , - , - , - ,0,0,0
127,Satara,Satara,0.9, - , - , - , - , - , - , - , - , - , - , - , - , - , - , - , - , - , - , - , - , - , - , - , - , - , - , - , - ,0,0,0
128,,Javli medha,1.0, - , - , - , - , - , - , - , - , - , - , - , - , - , - , - , - , - , - , - , - , - , - , - , - , - , - , - , - ,0,0,0
129,,Patan,0.8, - , - , - , - , - , - , - , - , - , - , - , - , - , - , - , - , - , - , - , - , - , - , - , - , - , - , - , - ,0,0,0
130,,Karad,0.6, - , - , - , - , - , - , - , - , - , - , - , - , - , - , - , - , - , - , - , - , - , - , - , - , - , - , - , - ,0,0,0
131,,Koregaon,0.9, - , - , - , - , - , - , - , - , - , - , - , - , - , - , - , - , - , - , - , - , - , - , - , - , - , - , - , - ,0,0,0
132,,Khatav vaduj,0.8, - , - , - , - , - , - , - , - , - , - , - , - , - , - , - , - , - , - , - , - , - , - , - , - , - , - , - , - ,0,0,0
133,,Man dahiwadi,0.6, - , - , - , - , - , - , - , - , - , - , - , - , - , - , - , - , - , - , - , - , - , - , - , - , - , - , - , - ,0,0,0
134,,Phaltan,1.4, - , - , - , - , - , - , - , - , - , - , - , - , - , - , - , - , - , - , - , - , - , - , - , - , - , - , - , - ,0,0,0
135,,Khandala,0.5, - , - , - , - , - , - , - , - , - , - , - , - , - , - , - , - , - , - , - , - , - , - , - , - , - , - , - , - ,0,0,0
136,,Wai,0.7, - , - , - , - , - , - , - , - , - , - , - , - , - , - , - , - , - , - , - , - , - , - , - , - , - , - , - , - ,0,0,0
137,,Mahableshwar,1.9, - , - , - , - , - , - , - , - , - , - , - , - , - , - , - , - , - , - , - , - , - , - , - , - , - , - , - , - ,0,0,0
138,Sangli,Miraj,1.8, - , - , - , - , - , - , - , - , - , - , - , - , - , - , - , - , - , - , - , - , - , - , - , - , - , - , - , - ,0,0,0
139,,Jath,2.0, - , - , - , - , - , - , - , - , - , - , - , - , - , - , - , - , - , - , - , - , - , - , - , - , - , - , - , - ,0,0,0
140,,Khanapur vita,0.3, - , - , - , - , - , - , - , - , - , - , - , - , - , - , - , - , - , - , - , - , - , - , - , - , - , - , - , - ,0,0,0
141,,Valva eslampur,0.5, - , - , - , - , - , - , - , - , - , - , - , - , - , - , - , - , - , - , - , - , - , - , - , - , - , - , - , - ,0,0,0
142,,Tasgaon,0.9, - , - , - , - , - , - , - , - , - , - , - , - , - , - , - , - , - , - , - , - , - , - , - , - , - , - , - , - ,0,0,0
143,,Shirala,0.3, - , - , - , - , - , - , - , - , - , - , - , - , - , - , - , - , - , - , - , - , - , - , - , - , - , - , - , - ,0,0,0
144,,Atpadi,0.1, - , - , - , - , - , - , - , - , - , - , - , - , - , - , - , - , - , - , - , - , - , - , - , - , - , - , - , - ,0,0,0
145,,Kavthemahankal,3.0, - , - , - , - , - , - , - , - , - , - , - , - , - , - , - , - , - , - , - , - , - , - , - , - , - , - , - , - ,0,0,0
146,,Palus,0.9, - , - , - , - , - , - , - , - , - , - , - , - , - , - , - , - , - , - , - , - , - , - , - , - , - , - , - , - ,0,0,0
147,,Kadegaon,1.0, - , - , - , - , - , - , - , - , - , - , - , - , - , - , - , - , - , - , - , - , - , - , - , - , - , - , - , - ,0,0,0
148,Kolhapur,Hatkanangle,0.6, - , - , - , - , - , - , - , - , - , - , - , - , - , - , - , - , - , - , - , - , - , - , - , - , - , - , - , - ,0,0,0
149,,Shirol,2.4,0.0,0.0,0.0,0.0,0.0,0.0,0.0,0.0,0.0,0.0,0.0,0.0,0.0,0.0,0.0,0.0,0.0,0.0,0.0,0.0,0.0,0.0,0.0,0.0,0.0,0.0,0.0,0.0,0,0,0
150,,Panhala,0.1,0.0,0.0,0.0,0.0,0.0,0.0,0.0,0.0,0.0,0.0,0.0,0.0,0.0,0.0,0.0,0.0,0.0,0.0,0.0,0.0,0.0,0.0,0.0,0.0,0.0,0.0,0.0,0.0,0,0,0
151,,Shauwadi,0.1, - , - , - , - , - , - , - , - , - , - , - , - , - , - , - , - , - , - , - , - , - , - , - , - , - , - , - , - ,0,0,0
152,,Radhanagari,0.9, - , - , - , - , - , - , - , - , - , - , - , - , - , - , - , - , - , - , - , - , - , - , - , - , - , - , - , - ,0,0,0
153,,Bavda,0.4,3.0,0.0,0.0,0.0,0.0,0.0,0.0,0.0,0.0,0.0,0.0,0.0,0.0,0.0,0.0,0.0,0.0,0.0,0.0,0.0,0.0,0.0,0.0,0.0,0.0,0.0,0.0,0.0,3,750,1
154,,Karveer kolhapur,0.4,0.0,0.0,0.0,0.0,0.0,0.0,0.0,0.0,0.0,0.0,0.0,0.0,0.0,0.0,0.0,0.0,0.0,0.0,0.0,0.0,0.0,0.0,0.0,0.0,0.0,0.0,0.0,0.0,0,0,0
155,,Kagal,2.5,2.0,0.0,0.0,0.0,0.0,0.0,0.0,0.0,0.0,0.0,0.0,0.0,0.0,0.0,0.0,0.0,0.0,0.0,0.0,0.0,0.0,0.0,0.0,0.0,0.0,0.0,0.0,0.0,2,90.9,0
156,,Gadhinglaj,2.2,0.0,0.0,0.0,0.0,0.0,0.0,0.0,0.0,0.0,0.0,0.0,0.0,0.0,0.0,0.0,0.0,0.0,0.0,0.0,0.0,0.0,0.0,0.0,0.0,0.0,0.0,0.0,0.0,0,0,0
157,,Bhudargad,0.6,0.0,0.0,0.0,0.0,0.0,0.0,0.0,0.0,0.0,0.0,0.0,0.0,0.0,0.0,0.0,0.0,0.0,0.0,0.0,0.0,0.0,0.0,0.0,0.0,0.0,0.0,0.0,0.0,0,0,0
158,,Ajara,0.6,0.0,0.0,0.0,0.0,0.0,0.0,0.0,0.0,0.0,0.0,0.0,0.0,0.0,0.0,0.0,0.0,0.0,0.0,0.0,0.0,0.0,0.0,0.0,0.0,0.0,0.0,0.0,0.0,0,0,0
159,,Chandgad,0.8,0.0,0.0,0.0,0.0,0.0,0.0,0.0,0.0,0.0,0.0,0.0,0.0,0.0,0.0,0.0,0.0,0.0,0.0,0.0,0.0,0.0,0.0,0.0,0.0,0.0,0.0,0.0,0.0,0,0,0
160,Aurangabad,Aurangabad,3.9,0.0, - , - , - , - , - , - , - , - , - , - , - , - , - ,0.0,0.0, - ,0.0,0.0,0.0,0.0, - ,0.0,0.0,0.0,0.0,0.0,0.0,0,0,0
161,,Paithan,2.1,1.0, - , - , - , - , - , - , - , - , - , - , - , - , - ,0.0,0.0, - ,0.0,0.0,0.0,0.0, - ,0.0,0.0,0.0,0.0,0.0,0.0,1,333.3,0
162,,Gangapur,0.3,0.0, - , - , - , - , - , - , - , - , - , - , - , - , - ,0.0,0.0, - ,0.0,0.0,0.0,0.0, - ,0.0,0.0,0.0,0.0,0.0,0.0,0,0,0
163,,Vaijapur,0.5,0.0, - , - , - , - , - , - , - , - , - , - , - , - , - ,0.0,0.0, - ,0.0,0.0,0.0,0.0, - ,0.0,0.0,0.0,0.0,0.0,0.0,0,0,0
164,,Kannad,0.1,0.0, - , - , - , - , - , - , - , - , - , - , - , - , - ,0.0,0.0, - ,0.0,0.0,0.0,0.0, - ,0.0,0.0,0.0,0.0,0.0,0.0,0,0,0
165,,Khultabad,1.3,0.0, - , - , - , - , - , - , - , - , - , - , - , - , - ,0.0,0.0, - ,0.0,0.0,0.0,0.0, - ,0.0,0.0,0.0,0.0,0.0,0.0,0,0,0
166,,Sillod,0.8,0.0, - , - , - , - , - , - , - , - , - , - , - , - , - ,0.0,0.0, - ,0.0,0.0,0.0,0.0, - ,0.0,0.0,0.0,0.0,0.0,0.0,0,0,0
167,,Soegaon,1.0,0.0, - , - , - , - , - , - , - , - , - , - , - , - , - ,0.0,0.0, - ,0.0,0.0,0.0,0.0, - ,0.0,0.0,0.0,0.0,0.0,0.0,0,0,0
168,,Phulambri,3.9,0.0, - , - , - , - , - , - , - , - , - , - , - , - , - ,0.0,0.0, - ,0.0,0.0,0.0,0.0, - ,0.0,0.0,0.0,0.0,0.0,0.0,0,0,0
169,Jalna,Bhokardhan,1.9,0.0,0.0,0.0,0.0,0.0,0.0,0.0,0.0,0.0,0.0,0.0,0.0,0.0,0.0,0.0,0.0,0.0,0.0,0.0,0.0,0.0,0.0,0.0,0.0,0.0,0.0,0.0,0.0,0,0,0
170,,Jafrabad,0.4,0.0,0.0,0.0,0.0,0.0,0.0,0.0,0.0,0.0,0.0,0.0,0.0,0.0,0.0,0.0,0.0,0.0,0.0,0.0,0.0,0.0,0.0,0.0,0.0,0.0,0.0,0.0,0.0,0,0,0
171,,Jalna,3.2,9.0,0.0,0.0,0.0,0.0,0.0,0.0,0.0,0.0,0.0,0.0,0.0,0.0,0.0,0.0,0.0,0.0,0.0,0.0,0.0,0.0,0.0,0.0,0.0,0.0,0.0,0.0,0.0,9,750,1
172,,Ambad,1.2,10.0,0.0,0.0,0.0,0.0,0.0,0.0,0.0,0.0,0.0,0.0,0.0,0.0,0.0,0.0,0.0,0.0,0.0,0.0,0.0,0.0,0.0,0.0,0.0,0.0,0.0,0.0,0.0,10,370.4,1
173,,Partur,2.7,6.0,0.0,0.0,0.0,0.0,0.0,0.0,0.0,0.0,0.0,0.0,0.0,0.0,0.0,0.0,0.0,0.0,0.0,0.0,0.0,0.0,0.0,0.0,0.0,0.0,0.0,0.0,0.0,6,187.5,1
174,,Badnapur,3.2,11.0,0.0,0.0,0.0,0.0,0.0,0.0,0.0,0.0,0.0,0.0,0.0,0.0,0.0,0.0,0.0,0.0,0.0,0.0,0.0,0.0,0.0,0.0,0.0,0.0,0.0,0.0,0.0,11,916.7,1
175,,Ghansangvi,1.2,0.0,0.0,0.0,0.0,0.0,0.0,0.0,0.0,0.0,0.0,0.0,0.0,0.0,0.0,0.0,0.0,0.0,0.0,0.0,0.0,0.0,0.0,0.0,0.0,0.0,0.0,0.0,0.0,0,0,0
176,,Mantha,2.7,0.0,0.0,0.0,0.0,0.0,0.0,0.0,0.0,0.0,0.0,0.0,0.0,0.0,0.0,0.0,0.0,0.0,0.0,0.0,0.0,0.0,0.0,0.0,0.0,0.0,0.0,0.0,0.0,0,0,0
177,Beed,Beed,4.6, - , - , - , - , - , - , - , - , - , - , - , - , - , - , - , - , - , - , - , - , - , - , - , - , - , - , - , - ,0,0,0
178,,Patoda,1.5, - , - , - , - , - , - , - , - , - , - , - , - , - , - , - , - , - , - , - , - , - , - , - , - , - , - , - , - ,0,0,0
179,,Ashti,1.9, - , - , - , - , - , - , - , - , - , - , - , - , - , - , - , - , - , - , - , - , - , - , - , - , - , - , - , - ,0,0,0
180,,Gevari,3.3, - , - , - , - , - , - , - , - , - , - , - , - , - , - , - , - , - , - , - , - , - , - , - , - , - , - , - , - ,0,0,0
181,,Majalgaon,2.7, - , - , - , - , - , - , - , - , - , - , - , - , - , - , - , - , - , - , - , - , - , - , - , - , - , - , - , - ,0,0,0
182,,Ambejogai,4.8, - , - , - , - , - , - , - , - , - , - , - , - , - , - , - , - , - , - , - , - , - , - , - , - , - , - , - , - ,0,0,0
183,,Kej,4.8, - , - , - , - , - , - , - , - , - , - , - , - , - , - , - , - , - , - , - , - , - , - , - , - , - , - , - , - ,0,0,0
184,,Parali,4.6, - , - , - , - , - , - , - , - , - , - , - , - , - , - , - , - , - , - , - , - , - , - , - , - , - , - , - , - ,0,0,0
185,,Dharur,4.8, - , - , - , - , - , - , - , - , - , - , - , - , - , - , - , - , - , - , - , - , - , - , - , - , - , - , - , - ,0,0,0
186,,Vadavani,2.7, - , - , - , - , - , - , - , - , - , - , - , - , - , - , - , - , - , - , - , - , - , - , - , - , - , - , - , - ,0,0,0
187,,Shirur Kasar,1.5, - , - , - , - , - , - , - , - , - , - , - , - , - , - , - , - , - , - , - , - , - , - , - , - , - , - , - , - ,0,0,0
188,Latur,Latur,4.3, - , - , - , - , - , - , - , - , - , - , - , - , - , - , - , - , - , - , - , - , - , - , - , - , - , - , - , - ,0,0,0
189,,Ausa,4.2, - , - , - , - , - , - , - , - , - , - , - , - , - , - , - , - , - , - , - , - , - , - , - , - , - , - , - , - ,0,0,0
190,,Ahmedpur,2.6, - , - , - , - , - , - , - , - , - , - , - , - , - , - , - , - , - , - , - , - , - , - , - , - , - , - , - , - ,0,0,0
191,,Nilanga,6.1, - , - , - , - , - , - , - , - , - , - , - , - , - , - , - , - , - , - , - , - , - , - , - , - , - , - , - , - ,0,0,0
192,,Udgir,6.1, - , - , - , - , - , - , - , - , - , - , - , - , - , - , - , - , - , - , - , - , - , - , - , - , - , - , - , - ,0,0,0
193,,Chakur,2.6, - , - , - , - , - , - , - , - , - , - , - , - , - , - , - , - , - , - , - , - , - , - , - , - , - , - , - , - ,0,0,0
194,,Renapur,2.6, - , - , - , - , - , - , - , - , - , - , - , - , - , - , - , - , - , - , - , - , - , - , - , - , - , - , - , - ,0,0,0
195,,Davani,6.1, - , - , - , - , - , - , - , - , - , - , - , - , - , - , - , - , - , - , - , - , - , - , - , - , - , - , - , - ,0,0,0
196,,Shirur Anantmal,6.1, - , - , - , - , - , - , - , - , - , - , - , - , - , - , - , - , - , - , - , - , - , - , - , - , - , - , - , - ,0,0,0
197,,Jalkot,6.1, - , - , - , - , - , - , - , - , - , - , - , - , - , - , - , - , - , - , - , - , - , - , - , - , - , - , - , - ,0,0,0
198,Osmanabad,Osmanabad,3.8, - , - , - , - , - , - , - , - , - , - , - , - , - , - , - , - , - , - , - , - , - , - , - , - , - , - , - , - ,0,0,0
199,,Tuljapur,3.2, - , - , - , - , - , - , - , - , - , - , - , - , - , - , - , - , - , - , - , - , - , - , - , - , - , - , - , - ,0,0,0
200,,Paranda,3.5, - , - , - , - , - , - , - , - , - , - , - , - , - , - , - , - , - , - , - , - , - , - , - , - , - , - , - , - ,0,0,0
201,,Bhum,2.9, - , - , - , - , - , - , - , - , - , - , - , - , - , - , - , - , - , - , - , - , - , - , - , - , - , - , - , - ,0,0,0
202,,Kalamb,2.9, - , - , - , - , - , - , - , - , - , - , - , - , - , - , - , - , - , - , - , - , - , - , - , - , - , - , - , - ,0,0,0
203,,Umarga,3.2, - , - , - , - , - , - , - , - , - , - , - , - , - , - , - , - , - , - , - , - , - , - , - , - , - , - , - , - ,0,0,0
204,,Lohara,3.2, - , - , - , - , - , - , - , - , - , - , - , - , - , - , - , - , - , - , - , - , - , - , - , - , - , - , - , - ,0,0,0
205,,Washi,2.9, - , - , - , - , - , - , - , - , - , - , - , - , - , - , - , - , - , - , - , - , - , - , - , - , - , - , - , - ,0,0,0
206,Nanded,Nanded,10.1, - , - , - , - , - , - , - , - , - , - , - , - , - , - , - , - , - , - , - , - , - , - , - , - , - , - , - , - ,0,0,0
207,,Biloli,4.6, - , - , - , - , - , - , - , - , - , - , - , - , - , - , - , - , - , - , - , - , - , - , - , - , - , - , - , - ,0,0,0
208,,Mukhed,4.4, - , - , - , - , - , - , - , - , - , - , - , - , - , - , - , - , - , - , - , - , - , - , - , - , - , - , - , - ,0,0,0
209,,Kandhar,3.2, - , - , - , - , - , - , - , - , - , - , - , - , - , - , - , - , - , - , - , - , - , - , - , - , - , - , - , - ,0,0,0
210,,Loha,3.2, - , - , - , - , - , - , - , - , - , - , - , - , - , - , - , - , - , - , - , - , - , - , - , - , - , - , - , - ,0,0,0
211,,Hadgaon,10.1, - , - , - , - , - , - , - , - , - , - , - , - , - , - , - , - , - , - , - , - , - , - , - , - , - , - , - , - ,0,0,0
212,,Bhokar,10.1, - , - , - , - , - , - , - , - , - , - , - , - , - , - , - , - , - , - , - , - , - , - , - , - , - , - , - , - ,0,0,0
213,,Deglur,4.4, - , - , - , - , - , - , - , - , - , - , - , - , - , - , - , - , - , - , - , - , - , - , - , - , - , - , - , - ,0,0,0
214,,Kinwat,3.7, - , - , - , - , - , - , - , - , - , - , - , - , - , - , - , - , - , - , - , - , - , - , - , - , - , - , - , - ,0,0,0
215,,Mudkhed,10.1, - , - , - , - , - , - , - , - , - , - , - , - , - , - , - , - , - , - , - , - , - , - , - , - , - , - , - , - ,0,0,0
216,,Himayat Nagar,10.1, - , - , - , - , - , - , - , - , - , - , - , - , - , - , - , - , - , - , - , - , - , - , - , - , - , - , - , - ,0,0,0
217,,Mahur,3.7, - , - , - , - , - , - , - , - , - , - , - , - , - , - , - , - , - , - , - , - , - , - , - , - , - , - , - , - ,0,0,0
218,,Dharmabad,4.6, - , - , - , - , - , - , - , - , - , - , - , - , - , - , - , - , - , - , - , - , - , - , - , - , - , - , - , - ,0,0,0
219,,Umari,10.1, - , - , - , - , - , - , - , - , - , - , - , - , - , - , - , - , - , - , - , - , - , - , - , - , - , - , - , - ,0,0,0
220,,Ardhapur,10.1, - , - , - , - , - , - , - , - , - , - , - , - , - , - , - , - , - , - , - , - , - , - , - , - , - , - , - , - ,0,0,0
221,,Naigaon kh,4.6, - , - , - , - , - , - , - , - , - , - , - , - , - , - , - , - , - , - , - , - , - , - , - , - , - , - , - , - ,0,0,0
222,Parabhani,Parbhani,5.1, - , - , - , - , - , - , - , - , - , - , - , - , - , - , - , - , - , - , - , - , - , - , - , - , - , - , - , - ,0,0,0
223,,Gangakhed,0.5, - , - , - , - , - , - , - , - , - , - , - , - , - , - , - , - , - , - , - , - , - , - , - , - , - , - , - , - ,0,0,0
224,,Pathari,0.5, - , - , - , - , - , - , - , - , - , - , - , - , - , - , - , - , - , - , - , - , - , - , - , - , - , - , - , - ,0,0,0
225,,Jintur,2.4, - , - , - , - , - , - , - , - , - , - , - , - , - , - , - , - , - , - , - , - , - , - , - , - , - , - , - , - ,0,0,0
226,,Purna,2.4, - , - , - , - , - , - , - , - , - , - , - , - , - , - , - , - , - , - , - , - , - , - , - , - , - , - , - , - ,0,0,0
227,,Palam,17.1, - , - , - , - , - , - , - , - , - , - , - , - , - , - , - , - , - , - , - , - , - , - , - , - , - , - , - , - ,0,0,0
228,,Seloo,0.5, - , - , - , - , - , - , - , - , - , - , - , - , - , - , - , - , - , - , - , - , - , - , - , - , - , - , - , - ,0,0,0
229,,Sonpeth,17.1, - , - , - , - , - , - , - , - , - , - , - , - , - , - , - , - , - , - , - , - , - , - , - , - , - , - , - , - ,0,0,0
230,,Manvat,0.5, - , - , - , - , - , - , - , - , - , - , - , - , - , - , - , - , - , - , - , - , - , - , - , - , - , - , - , - ,0,0,0
231,Hingoli,Hingoli,6.4, - , - , - , - , - , - , - , - , - , - , - , - , - , - , - , - , - , - , - , - , - , - , - , - , - , - , - , - ,0,0,0
232,,Kalmnuri,5.9, - , - , - , - , - , - , - , - , - , - , - , - , - , - , - , - , - , - , - , - , - , - , - , - , - , - , - , - ,0,0,0
233,,Basmat,5.8, - , - , - , - , - , - , - , - , - , - , - , - , - , - , - , - , - , - , - , - , - , - , - , - , - , - , - , - ,0,0,0
234,,Audha,6.4, - , - , - , - , - , - , - , - , - , - , - , - , - , - , - , - , - , - , - , - , - , - , - , - , - , - , - , - ,0,0,0
235,,Sengaon,6.4, - , - , - , - , - , - , - , - , - , - , - , - , - , - , - , - , - , - , - , - , - , - , - , - , - , - , - , - ,0,0,0
236,Buldhana,Jalgaon jamod,7.7,0.0, - , - , - , - , - , - , - , - , - , - , - , - , - , - , - , - , - , - , - , - , - , - , - , - , - , - , - ,0,0,0
237,,Sangrampur,7.7,0.0, - , - , - , - , - , - , - , - , - , - , - , - , - , - , - , - , - , - , - , - , - , - , - , - , - , - , - ,0,0,0
238,,Chikhali,5.8,3.0, - , - , - , - , - , - , - , - , - , - , - , - , - , - , - , - , - , - , - , - , - , - , - , - , - , - , - ,3,44.8,1
239,,Buldhana,6.7,0.0, - , - , - , - , - , - , - , - , - , - , - , - , - , - , - , - , - , - , - , - , - , - , - , - , - , - , - ,0,0,0
240,,Deulgaon raja,3.4,0.0, - , - , - , - , - , - , - , - , - , - , - , - , - , - , - , - , - , - , - , - , - , - , - , - , - , - , - ,0,0,0
241,,Mehkar,8.2,7.0, - , - , - , - , - , - , - , - , - , - , - , - , - , - , - , - , - , - , - , - , - , - , - , - , - , - , - ,7,205.9,1
242,,Shindkhedraja,3.4,7.0, - , - , - , - , - , - , - , - , - , - , - , - , - , - , - , - , - , - , - , - , - , - , - , - , - , - , - ,7,85.4,1
243,,Lonar,8.2,0.0, - , - , - , - , - , - , - , - , - , - , - , - , - , - , - , - , - , - , - , - , - , - , - , - , - , - , - ,0,0,0
244,,Khamgaon,7.5,0.0, - , - , - , - , - , - , - , - , - , - , - , - , - , - , - , - , - , - , - , - , - , - , - , - , - , - , - ,0,0,0
245,,Shegaon,8.2,12.0, - , - , - , - , - , - , - , - , - , - , - , - , - , - , - , - , - , - , - , - , - , - , - , - , - , - , - ,12,206.9,1
246,,Malkapur,5.8,0.0, - , - , - , - , - , - , - , - , - , - , - , - , - , - , - , - , - , - , - , - , - , - , - , - , - , - , - ,0,0,0
247,,Motala,6.4,0.0, - , - , - , - , - , - , - , - , - , - , - , - , - , - , - , - , - , - , - , - , - , - , - , - , - , - , - ,0,0,0
248,,Nandura,6.4,0.0, - , - , - , - , - , - , - , - , - , - , - , - , - , - , - , - , - , - , - , - , - , - , - , - , - , - , - ,0,0,0
249,Akola,Akot,9.1,5.1, - , - , - , - , - , - , - , - , - , - , - , - , - , - , - , - , - , - , - , - , - , - , - , - , - , - , - ,5.1,69.9,1
250,,Telhara,7.3,5.0, - , - , - , - , - , - , - , - , - , - , - , - , - , - , - , - , - , - , - , - , - , - , - , - , - , - , - ,5,66.7,1
251,,Balapur,7.5,0.0, - , - , - , - , - , - , - , - , - , - , - , - , - , - , - , - , - , - , - , - , - , - , - , - , - , - , - ,0,0,0
252,,Patur,8.9,0.0, - , - , - , - , - , - , - , - , - , - , - , - , - , - , - , - , - , - , - , - , - , - , - , - , - , - , - ,0,0,0
253,,Akola,8.0,4.4, - , - , - , - , - , - , - , - , - , - , - , - , - , - , - , - , - , - , - , - , - , - , - , - , - , - , - ,4.4,55,1
254,,Barshitakli,8.0,0.0, - , - , - , - , - , - , - , - , - , - , - , - , - , - , - , - , - , - , - , - , - , - , - , - , - , - , - ,0,0,0
255,,Murtijapur,12.8,0.0, - , - , - , - , - , - , - , - , - , - , - , - , - , - , - , - , - , - , - , - , - , - , - , - , - , - , - ,0,0,0
256,Washim,Washim,9.2, - , - , - , - , - , - , - , - , - , - , - , - , - , - , - , - , - , - , - , - , - , - , - , - , - , - , - , - ,0,0,0
257,,Risod,9.8, - , - , - , - , - , - , - , - , - , - , - , - , - , - , - , - , - , - , - , - , - , - , - , - , - , - , - , - ,0,0,0
258,,Malegaon,9.2, - , - , - , - , - , - , - , - , - , - , - , - , - , - , - , - , - , - , - , - , - , - , - , - , - , - , - , - ,0,0,0
259,,Mangrulpir,11.0, - , - , - , - , - , - , - , - , - , - , - , - , - , - , - , - , - , - , - , - , - , - , - , - , - , - , - , - ,0,0,0
260,,Manora,11.0, - , - , - , - , - , - , - , - , - , - , - , - , - , - , - , - , - , - , - , - , - , - , - , - , - , - , - , - ,0,0,0
261,,Karanja,14.7, - , - , - , - , - , - , - , - , - , - , - , - , - , - , - , - , - , - , - , - , - , - , - , - , - , - , - , - ,0,0,0
262,Amravati,Dharni,5.6, - , - , - , - , - , - , - , - , - , - , - , - , - , - , - , - , - , - , - , - , - , - , - , - , - , - , - , - ,0,0,0
263,,Chikhaldhara,11.7, - , - , - , - , - , - , - , - , - , - , - , - , - , - , - , - , - , - , - , - , - , - , - , - , - , - , - , - ,0,0,0
264,,Amravati,12.9, - , - , - , - , - , - , - , - , - , - , - , - , - , - , - , - , - , - , - , - , - , - , - , - , - , - , - , - ,0,0,0
265,,Bhatkuli,12.9, - , - , - , - , - , - , - , - , - , - , - , - , - , - , - , - , - , - , - , - , - , - , - , - , - , - , - , - ,0,0,0
266,,Nandgaon khandeshwar,12.9, - , - , - , - , - , - , - , - , - , - , - , - , - , - , - , - , - , - , - , - , - , - , - , - , - , - , - , - ,0,0,0
267,,Chandur railway,12.0, - , - , - , - , - , - , - , - , - , - , - , - , - , - , - , - , - , - , - , - , - , - , - , - , - , - , - , - ,0,0,0
268,,Tiwasa,12.0, - , - , - , - , - , - , - , - , - , - , - , - , - , - , - , - , - , - , - , - , - , - , - , - , - , - , - , - ,0,0,0
269,,Morshi,14.1, - , - , - , - , - , - , - , - , - , - , - , - , - , - , - , - , - , - , - , - , - , - , - , - , - , - , - , - ,0,0,0
270,,Warud,13.7, - , - , - , - , - , - , - , - , - , - , - , - , - , - , - , - , - , - , - , - , - , - , - , - , - , - , - , - ,0,0,0
271,,Daryapur,11.3, - , - , - , - , - , - , - , - , - , - , - , - , - , - , - , - , - , - , - , - , - , - , - , - , - , - , - , - ,0,0,0
272,,Anjangaon,10.5, - , - , - , - , - , - , - , - , - , - , - , - , - , - , - , - , - , - , - , - , - , - , - , - , - , - , - , - ,0,0,0
273,,Achalpur,14.0, - , - , - , - , - , - , - , - , - , - , - , - , - , - , - , - , - , - , - , - , - , - , - , - , - , - , - , - ,0,0,0
274,,Chandubajar,14.2, - , - , - , - , - , - , - , - , - , - , - , - , - , - , - , - , - , - , - , - , - , - , - , - , - , - , - , - ,0,0,0
275,,Dhamangaon railway,12.0, - , - , - , - , - , - , - , - , - , - , - , - , - , - , - , - , - , - , - , - , - , - , - , - , - , - , - , - ,0,0,0
276,Yavatmal,Yavatmal,14.7,4.4, - , - , - , - , - , - , - , - , - , - , - , - , - , - , - , - , - , - , - , - , - , - , - , - , - , - , - ,4.4,29.9,1
277,,Bhabulgaon,14.7,0.0, - , - , - , - , - , - , - , - , - , - , - , - , - , - , - , - , - , - , - , - , - , - , - , - , - , - , - ,0,0,0
278,,Kalam,14.7,0.0, - , - , - , - , - , - , - , - , - , - , - , - , - , - , - , - , - , - , - , - , - , - , - , - , - , - , - ,0,0,0
279,,Darwha,12.0,0.0, - , - , - , - , - , - , - , - , - , - , - , - , - , - , - , - , - , - , - , - , - , - , - , - , - , - , - ,0,0,0
280,,Digras,10.4,0.0, - , - , - , - , - , - , - , - , - , - , - , - , - , - , - , - , - , - , - , - , - , - , - , - , - , - , - ,0,0,0
281,,Arni,10.4,0.0, - , - , - , - , - , - , - , - , - , - , - , - , - , - , - , - , - , - , - , - , - , - , - , - , - , - , - ,0,0,0
282,,Ner,15.1,0.0, - , - , - , - , - , - , - , - , - , - , - , - , - , - , - , - , - , - , - , - , - , - , - , - , - , - , - ,0,0,0
283,,Pusad,9.9,0.0, - , - , - , - , - , - , - , - , - , - , - , - , - , - , - , - , - , - , - , - , - , - , - , - , - , - , - ,0,0,0
284,,Umerkhed,10.6,0.0, - , - , - , - , - , - , - , - , - , - , - , - , - , - , - , - , - , - , - , - , - , - , - , - , - , - , - ,0,0,0
285,,Mohagaon,10.6,0.0, - , - , - , - , - , - , - , - , - , - , - , - , - , - , - , - , - , - , - , - , - , - , - , - , - , - , - ,0,0,0
286,,Wani,16.4,0.0, - , - , - , - , - , - , - , - , - , - , - , - , - , - , - , - , - , - , - , - , - , - , - , - , - , - , - ,0,0,0
287,,Maregaon,16.4,0.0, - , - , - , - , - , - , - , - , - , - , - , - , - , - , - , - , - , - , - , - , - , - , - , - , - , - , - ,0,0,0
288,,Zarijamni,16.4,0.0, - , - , - , - , - , - , - , - , - , - , - , - , - , - , - , - , - , - , - , - , - , - , - , - , - , - , - ,0,0,0
289,,Kelapur,14.2,0.0, - , - , - , - , - , - , - , - , - , - , - , - , - , - , - , - , - , - , - , - , - , - , - , - , - , - , - ,0,0,0
290,,Ghatanji,14.2,0.0, - , - , - , - , - , - , - , - , - , - , - , - , - , - , - , - , - , - , - , - , - , - , - , - , - , - , - ,0,0,0
291,,Ralegaon,14.2,0.0, - , - , - , - , - , - , - , - , - , - , - , - , - , - , - , - , - , - , - , - , - , - , - , - , - , - , - ,0,0,0
292,Wardha,Arvi,12.6, - , - , - , - , - , - , - , - , - , - , - , - , - , - , - , - , - , - , - , - , - , - , - , - , - , - , - , - ,0,0,0
293,,Karanja,12.6, - , - , - , - , - , - , - , - , - , - , - , - , - , - , - , - , - , - , - , - , - , - , - , - , - , - , - , - ,0,0,0
294,,Ashti,12.6, - , - , - , - , - , - , - , - , - , - , - , - , - , - , - , - , - , - , - , - , - , - , - , - , - , - , - , - ,0,0,0
295,,Wardha,14.5, - , - , - , - , - , - , - , - , - , - , - , - , - , - , - , - , - , - , - , - , - , - , - , - , - , - , - , - ,0,0,0
296,,Seloo,14.5, - , - , - , - , - , - , - , - , - , - , - , - , - , - , - , - , - , - , - , - , - , - , - , - , - , - , - , - ,0,0,0
297,,Devali,14.5, - , - , - , - , - , - , - , - , - , - , - , - , - , - , - , - , - , - , - , - , - , - , - , - , - , - , - , - ,0,0,0
298,,Hinganghat,15.2, - , - , - , - , - , - , - , - , - , - , - , - , - , - , - , - , - , - , - , - , - , - , - , - , - , - , - , - ,0,0,0
299,,Samudrpur,15.2, - , - , - , - , - , - , - , - , - , - , - , - , - , - , - , - , - , - , - , - , - , - , - , - , - , - , - , - ,0,0,0
300,Nagpur,Nagpur city,17.5,3.2,0.0,0.0,0.0,0.0,0.0,0.0,0.0,0.0,0.0,0.0,0.0,0.0,0.0,0.0,0.0,0.0,0.0,0.0,0.0,0.0,0.0,0.0,0.0,0.0,0.0,0.0,0.0,3.2,48.5,1
301,,Nagpur gramin,6.6,2.6,0.0,0.0,0.0,0.0,0.0,0.0,0.0,0.0,0.0,0.0,0.0,0.0,0.0,0.0,0.0,0.0,0.0,0.0,0.0,0.0,0.0,0.0,0.0,0.0,0.0,0.0,0.0,2.6,39.4,1
302,,Kamthi,6.6,0.0,0.0,0.0,0.0,0.0,0.0,0.0,0.0,0.0,0.0,0.0,0.0,0.0,0.0,0.0,0.0,0.0,0.0,0.0,0.0,0.0,0.0,0.0,0.0,0.0,0.0,0.0,0.0,0,0,0
303,,Hingni,6.6,5.0,0.0,0.0,0.0,0.0,0.0,0.0,0.0,0.0,0.0,0.0,0.0,0.0,0.0,0.0,0.0,0.0,0.0,0.0,0.0,0.0,0.0,0.0,0.0,0.0,0.0,0.0,0.0,5,23.6,1
304,,Ramtek,21.2,6.0,0.0,0.0,0.0,0.0,0.0,0.0,0.0,0.0,0.0,0.0,0.0,0.0,0.0,0.0,0.0,0.0,0.0,0.0,0.0,0.0,0.0,0.0,0.0,0.0,0.0,0.0,0.0,6,30,1
305,,Parshiwani,20.0,3.6,0.0,0.0,0.0,0.0,0.0,0.0,0.0,0.0,0.0,0.0,0.0,0.0,0.0,0.0,0.0,0.0,0.0,0.0,0.0,0.0,0.0,0.0,0.0,0.0,0.0,0.0,0.0,3.6,17,1
306,,Maudha,21.2,7.4,0.0,0.0,0.0,0.0,0.0,3.2,0.0,0.0,0.0,0.0,0.0,0.0,0.0,0.0,0.0,0.0,0.0,0.0,0.0,0.0,0.0,0.0,0.0,0.0,0.0,0.0,0.0,10.6,60.2,2
307,,Katol,17.6,2.8,0.0,0.0,0.0,0.0,0.0,0.0,0.0,0.0,0.0,0.0,0.0,0.0,0.0,0.0,0.0,0.0,0.0,0.0,0.0,0.0,0.0,0.0,0.0,0.0,0.0,0.0,0.0,2.8,15.9,1
308,,Narkhed,17.6,7.4,0.0,0.0,0.0,0.0,0.0,0.0,0.0,0.0,0.0,0.0,0.0,0.0,0.0,0.0,0.0,0.0,0.0,0.0,0.0,0.0,0.0,0.0,0.0,0.0,0.0,0.0,0.0,7.4,45.7,1
309,,Savner,16.2,3.6,0.0,0.0,0.0,0.0,0.0,0.0,0.0,0.0,0.0,0.0,0.0,0.0,0.0,0.0,0.0,0.0,0.0,0.0,0.0,0.0,0.0,0.0,0.0,0.0,0.0,0.0,0.0,3.6,22.2,1
310,,Kalmeshwar,16.2,2.0,0.0,0.0,0.0,0.0,0.0,0.0,0.0,0.0,0.0,0.0,0.0,0.0,0.0,0.0,0.0,0.0,0.0,0.0,0.0,0.0,0.0,0.0,0.0,0.0,0.0,0.0,0.0,2,11.6,0
311,,Umrer,17.2,9.4,0.0,0.0,0.0,0.0,0.0,22.0,0.0,0.0,0.0,0.0,0.0,0.0,0.0,0.0,0.0,0.0,0.0,0.0,0.0,0.0,0.0,0.0,0.0,0.0,0.0,0.0,0.0,31.4,182.6,2
312,,Bhiwapur,17.2,6.1,0.0,0.0,0.0,0.0,0.0,0.0,0.0,0.0,0.0,0.0,0.0,0.0,0.0,0.0,0.0,0.0,0.0,0.0,0.0,0.0,0.0,0.0,0.0,0.0,0.0,0.0,0.0,6.1,35.5,1
313,,Kuhi,17.2,2.6,0.0,0.0,0.0,0.0,0.0,0.0,0.0,0.0,0.0,0.0,0.0,0.0,0.0,0.0,0.0,0.0,0.0,0.0,0.0,0.0,0.0,0.0,0.0,0.0,0.0,0.0,0.0,2.6,9.8,1
314,Bhandara,Bhandara,26.6,29.0, - , - , - , - , - , - , - , - , - , - , - , - , - , - , - , - , - , - , - , - , - , - , - , - , - , - , - ,29,109,1
315,,Mohadi,26.6,10.5, - , - , - , - , - , - , - , - , - , - , - , - , - , - , - , - , - , - , - , - , - , - , - , - , - , - , - ,10.5,39.5,1
316,,Tumsar,26.6,7.0, - , - , - , - , - , - , - , - , - , - , - , - , - , - , - , - , - , - , - , - , - , - , - , - , - , - , - ,7,69.3,1
317,,Pavni,10.1,33.0, - , - , - , - , - , - , - , - , - , - , - , - , - , - , - , - , - , - , - , - , - , - , - , - , - , - , - ,33,137.5,1
318,,Sakoli,24.0,0.0, - , - , - , - , - , - , - , - , - , - , - , - , - , - , - , - , - , - , - , - , - , - , - , - , - , - , - ,0,0,0
319,,Lakhandur,24.0,35.0, - , - , - , - , - , - , - , - , - , - , - , - , - , - , - , - , - , - , - , - , - , - , - , - , - , - , - ,35,198.9,1
320,,Lakhani,17.6,6.2, - , - , - , - , - , - , - , - , - , - , - , - , - , - , - , - , - , - , - , - , - , - , - , - , - , - , - ,6.2,20.3,1
321,Gondia,Gondia,30.6,0.0,0.0,0.0,0.0,0.0,0.0,0.0,0.0,0.0,0.0,0.0,0.0,0.0,0.0,0.0,0.0,0.0,0.0,0.0,0.0,0.0,0.0,0.0,0.0,0.0,0.0,0.0,0.0,0,0,0
322,,Amgaon,30.6,0.0,0.0,0.0,0.0,0.0,0.0,0.0,0.0,0.0,0.0,0.0,0.0,0.0,0.0,0.0,0.0,0.0,0.0,0.0,0.0,0.0,0.0,0.0,0.0,0.0,0.0,0.0,0.0,0,0,0
323,,Tiroda,22.3,0.0,0.0,0.0,0.0,0.0,3.0,0.0,0.0,0.0,0.0,0.0,0.0,0.0,0.0,0.0,0.0,0.0,0.0,0.0,0.0,0.0,0.0,0.0,0.0,0.0,0.0,0.0,0.0,3,9.8,1
324,,Goregaon,30.6,0.0,0.0,0.0,0.0,0.0,0.0,0.0,0.0,0.0,0.0,0.0,0.0,0.0,0.0,0.0,0.0,0.0,0.0,0.0,0.0,0.0,0.0,0.0,0.0,0.0,0.0,0.0,0.0,0,0,0
325,,Salekasa,30.6,0.0,0.0,0.0,0.0,0.0,0.0,0.0,0.0,0.0,0.0,0.0,0.0,0.0,0.0,0.0,0.0,0.0,0.0,0.0,0.0,0.0,0.0,0.0,0.0,0.0,0.0,0.0,0.0,0,0,0
326,,Devari,13.4,0.0,0.0,0.0,0.0,0.0,0.0,0.0,0.0,0.0,0.0,0.0,0.0,0.0,0.0,0.0,0.0,0.0,0.0,0.0,0.0,0.0,0.0,0.0,0.0,0.0,0.0,0.0,0.0,0,0,0
327,,Morgaon arjuni,24.0,0.0,0.0,0.0,0.0,0.0,0.0,0.0,0.0,0.0,0.0,0.0,0.0,0.0,0.0,0.0,0.0,0.0,0.0,0.0,0.0,0.0,0.0,0.0,0.0,0.0,0.0,0.0,0.0,0,0,0
328,,Sadak arjuni,13.4,0.0,0.0,0.0,0.0,0.0,0.0,0.0,0.0,0.0,0.0,0.0,0.0,0.0,0.0,0.0,0.0,0.0,0.0,0.0,0.0,0.0,0.0,0.0,0.0,0.0,0.0,0.0,0.0,0,0,0
329,Chandrapur,Chandrpur,21.1,9.4, - , - , - , - ,6.4, - , - , - , - , - , - , - , - , - , - , - , - , - , - , - , - , - , - , - , - , - , - ,15.8,76,2
330,,Mul,20.8,12.4, - , - , - , - ,0.0, - , - , - , - , - , - , - , - , - , - , - , - , - , - , - , - , - , - , - , - , - , - ,12.4,58.2,1
331,,Gondpimpri,21.3,16.1, - , - , - , - ,0.0, - , - , - , - , - , - , - , - , - , - , - , - , - , - , - , - , - , - , - , - , - , - ,16.1,83.4,1
332,,Varora,19.3,26.0, - , - , - , - ,0.0, - , - , - , - , - , - , - , - , - , - , - , - , - , - , - , - , - , - , - , - , - , - ,26,134.7,1
333,,Bhdravati,19.3,3.0, - , - , - , - ,2.0, - , - , - , - , - , - , - , - , - , - , - , - , - , - , - , - , - , - , - , - , - , - ,5,28.6,1
334,,Chimur,17.5,38.0, - , - , - , - ,5.0, - , - , - , - , - , - , - , - , - , - , - , - , - , - , - , - , - , - , - , - , - , - ,43,244.3,2
335,,Bramhpuri,17.6,12.4, - , - , - , - ,0.0, - , - , - , - , - , - , - , - , - , - , - , - , - , - , - , - , - , - , - , - , - , - ,12.4,70.5,1
336,,Nagbhid,17.6,8.1, - , - , - , - ,0.0, - , - , - , - , - , - , - , - , - , - , - , - , - , - , - , - , - , - , - , - , - , - ,8.1,97.6,1
337,,Sindhewahi,8.3,6.5, - , - , - , - ,0.0, - , - , - , - , - , - , - , - , - , - , - , - , - , - , - , - , - , - , - , - , - , - ,6.5,30.5,1
338,,Rajura,21.3,10.0, - , - , - , - ,0.0, - , - , - , - , - , - , - , - , - , - , - , - , - , - , - , - , - , - , - , - , - , - ,10,46.9,1
339,,Korpana,21.3,8.0, - , - , - , - ,0.0, - , - , - , - , - , - , - , - , - , - , - , - , - , - , - , - , - , - , - , - , - , - ,8,38.5,1
340,,Savali,20.8,5.0, - , - , - , - ,0.0, - , - , - , - , - , - , - , - , - , - , - , - , - , - , - , - , - , - , - , - , - , - ,5,5000,1
341,,Ballarpur,0.1,8.6, - , - , - , - ,2.4, - , - , - , - , - , - , - , - , - , - , - , - , - , - , - , - , - , - , - , - , - , - ,11,51.6,1
342,,Pombhurna,21.3,16.1, - , - , - , - ,0.0, - , - , - , - , - , - , - , - , - , - , - , - , - , - , - , - , - , - , - , - , - , - ,16.1,0,1
343,,Jivati,0.0, - , - , - , - , - , - , - , - , - , - , - , - , - , - , - , - , - , - , - , - , - , - , - , - , - , - , - , - ,0,0,0
344,Gadchiroli,Gadchiroli,16.3,5.2, - , - , - , - , - , - , - , - , - , - , - , - , - , - , - , - , - , - , - , - , - , - , - , - , - , - , - ,5.2,31.9,1
345,,Kurkheda,16.3,15.4, - , - , - , - , - , - , - , - , - , - , - , - , - , - , - , - , - , - , - , - , - , - , - , - , - , - , - ,15.4,81.9,1
346,,Armori,18.8,6.8, - , - , - , - , - , - , - , - , - , - , - , - , - , - , - , - , - , - , - , - , - , - , - , - , - , - , - ,6.8,41.7,1
347,,Chamorshi,16.3,13.0, - , - , - , - , - , - , - , - , - , - , - , - , - , - , - , - , - , - , - , - , - , - , - , - , - , - , - ,13,98.5,1
348,,Sironcha,13.2,9.0, - , - , - , - , - , - , - , - , - , - , - , - , - , - , - , - , - , - , - , - , - , - , - , - , - , - , - ,9,55.6,1
349,,Aheri,16.2,28.0, - , - , - , - , - , - , - , - , - , - , - , - , - , - , - , - , - , - , - , - , - , - , - , - , - , - , - ,28,172.8,1
350,,Etapalli,16.2,33.6, - , - , - , - , - , - , - , - , - , - , - , - , - , - , - , - , - , - , - , - , - , - , - , - , - , - , - ,33.6,194.2,1
351,,Dhanora,17.3,40.6, - , - , - , - , - , - , - , - , - , - , - , - , - , - , - , - , - , - , - , - , - , - , - , - , - , - , - ,40.6,249.1,1
352,,Korchi,16.3,15.1, - , - , - , - , - , - , - , - , - , - , - , - , - , - , - , - , - , - , - , - , - , - , - , - , - , - , - ,15.1,80.3,1
353,,Desaiganj  wadsa,18.8,10.0, - , - , - , - , - , - , - , - , - , - , - , - , - , - , - , - , - , - , - , - , - , - , - , - , - , - , - ,10,61.3,1
354,,Mulchera,16.3,44.0, - , - , - , - , - , - , - , - , - , - , - , - , - , - , - , - , - , - , - , - , - , - , - , - , - , - , - ,44,271.6,1
355,,Bhamragad,16.2,9.4, - , - , - , - , - , - , - , - , - , - , - , - , - , - , - , - , - , - , - , - , - , - , - , - , - , - , - ,9.4,58,1
