Sr,District,Taluka,Taluka Normal RainFall,1,2,3,4,5,6,7,8,9,10,11,12,13,14,15,16,17,18,19,20,21,22,23,24,25,26,27,28,29,30,Total RainFall,%RainFall,Rainy Days
1,Thane,Thane,15.1,-,-,-,-,-,-,-,0.0, - , - , - , - , - , - , - , - , - , - , - , - , - , - , - , - , - , - , - , - , - , - ,0,0,0
2,,Kalyan,16.3,-,-,-,-,-,-,-,0.0, - , - , - , - , - , - , - , - , - , - , - , - , - , - , - , - , - , - , - , - , - , - ,0,0,0
3,,Murbad,20.3,-,-,-,-,-,-,-,0.0, - , - , - , - , - , - , - , - , - , - , - , - , - , - , - , - , - , - , - , - , - , - ,0,0,0
4,,Bhivandi,10.7,-,-,-,-,-,-,-,0.0, - , - , - , - , - , - , - , - , - , - , - , - , - , - , - , - , - , - , - , - , - , - ,0,0,0
5,,Shahapur,15.8,-,-,-,-,-,-,-,0.0, - , - , - , - , - , - , - , - , - , - , - , - , - , - , - , - , - , - , - , - , - , - ,0,0,0
6,,Ulhasnagar,16.3,-,-,-,-,-,-,-,0.0, - , - , - , - , - , - , - , - , - , - , - , - , - , - , - , - , - , - , - , - , - , - ,0,0,0
7,,Ambarnath,16.3,-,-,-,-,-,-,-,0.0, - , - , - , - , - , - , - , - , - , - , - , - , - , - , - , - , - , - , - , - , - , - ,0,0,0
8,Raigadh,Alibag,20.4,0.0,0.0,0.0,0.0,0.0,0.0,0.0,0.0,0.0, - , - , - , - , - , - , - , - , - , - , - , - , - , - , - , - , - , - , - , - , - ,0,0,0
9,,Panwel,15.3,0.0,0.0,0.0,0.0,0.0,71.2,0.0,0.0,0.0, - , - , - , - , - , - , - , - , - , - , - , - , - , - , - , - , - , - , - , - , - ,71.2,357.8,1
10,,Karjat,19.9,0.0,0.0,0.0,0.0,0.0,2.5,0.0,0.0,0.0, - , - , - , - , - , - , - , - , - , - , - , - , - , - , - , - , - , - , - , - , - ,2.5,32.1,0
11,,Khalapur,7.8,0.0,0.0,0.0,0.0,0.0,0.0,0.0,0.0,0.0, - , - , - , - , - , - , - , - , - , - , - , - , - , - , - , - , - , - , - , - , - ,0,0,0
12,,Uran,11.7,0.0,0.0,0.0,0.0,0.0,0.0,0.0,0.0,0.0, - , - , - , - , - , - , - , - , - , - , - , - , - , - , - , - , - , - , - , - , - ,0,0,0
13,,Sudhagad,14.6,0.0,0.0,0.0,0.0,0.0,0.0,0.0,0.0,0.0, - , - , - , - , - , - , - , - , - , - , - , - , - , - , - , - , - , - , - , - , - ,0,0,0
14,,Pen,19.0,0.0,0.0,0.0,0.0,0.0,19.4,0.0,0.0,0.0, - , - , - , - , - , - , - , - , - , - , - , - , - , - , - , - , - , - , - , - , - ,19.4,85.1,1
15,,Mahad,22.8,0.0,0.0,0.0,0.0,0.0,0.0,2.5,0.0,0.0, - , - , - , - , - , - , - , - , - , - , - , - , - , - , - , - , - , - , - , - , - ,2.5,12.5,0
16,,Mangaon,20.0,0.0,0.0,0.0,0.0,0.0,0.0,0.0,0.0,0.0, - , - , - , - , - , - , - , - , - , - , - , - , - , - , - , - , - , - , - , - , - ,0,0,0
17,,Roha,23.9,0.0,0.0,0.0,0.0,0.0,0.0,0.0,0.0,0.0, - , - , - , - , - , - , - , - , - , - , - , - , - , - , - , - , - , - , - , - , - ,0,0,0
18,,Poladpur,30.0,0.0,0.0,0.0,0.0,0.0,0.0,0.0,0.0,0.0, - , - , - , - , - , - , - , - , - , - , - , - , - , - , - , - , - , - , - , - , - ,0,0,0
19,,Murud,9.8,0.0,0.0,0.0,0.0,0.0,0.0,0.0,0.0,0.0, - , - , - , - , - , - , - , - , - , - , - , - , - , - , - , - , - , - , - , - , - ,0,0,0
20,,Shriwardhan,3.7,0.0,0.0,0.0,0.0,0.0,0.0,0.0,0.0,0.0, - , - , - , - , - , - , - , - , - , - , - , - , - , - , - , - , - , - , - , - , - ,0,0,0
21,,Mahasala,5.2,0.0,0.0,0.0,0.0,0.0,7.0,0.0,0.0,0.0, - , - , - , - , - , - , - , - , - , - , - , - , - , - , - , - , - , - , - , - , - ,7,35,1
22,,Tala,20.0,0.0,0.0,0.0,0.0,0.0,0.0,0.0,0.0,0.0, - , - , - , - , - , - , - , - , - , - , - , - , - , - , - , - , - , - , - , - , - ,0,0,0
23,Ratnagiri,Chiplun,34.4,0.0,0.0,0.0,0.0,0.0,36.0, - , - , - , - , - , - , - , - , - , - , - , - , - , - , - , - , - , - , - , - , - , - , - , - ,36,162.9,1
24,,Dapoli,22.1,0.0,0.0,0.0,0.0,0.0,30.0, - , - , - , - , - , - , - , - , - , - , - , - , - , - , - , - , - , - , - , - , - , - , - , - ,30,100.3,1
25,,Khed,29.9,0.0,0.0,33.0,37.0,0.0,15.0, - , - , - , - , - , - , - , - , - , - , - , - , - , - , - , - , - , - , - , - , - , - , - , - ,85,422.9,3
26,,Guhagar,20.1,13.0,115.0,61.0,0.0,0.0,38.0, - , - , - , - , - , - , - , - , - , - , - , - , - , - , - , - , - , - , - , - , - , - , - , - ,227,1022.5,4
27,,Mandangad,22.2,0.0,0.0,0.0,0.0,0.0,0.0, - , - , - , - , - , - , - , - , - , - , - , - , - , - , - , - , - , - , - , - , - , - , - , - ,0,0,0
28,,Ratnagiri,20.9,0.0,0.0,0.0,0.0,0.6,3.6, - , - , - , - , - , - , - , - , - , - , - , - , - , - , - , - , - , - , - , - , - , - , - , - ,4.2,10.6,1
29,,Sangameshwar,39.6,0.0,0.0,0.0,0.0,0.0,0.0, - , - , - , - , - , - , - , - , - , - , - , - , - , - , - , - , - , - , - , - , - , - , - , - ,0,0,0
30,,Rajapur,31.3,0.0,0.0,91.0,0.0,0.0,100.0, - , - , - , - , - , - , - , - , - , - , - , - , - , - , - , - , - , - , - , - , - , - , - , - ,191,575.3,2
31,,Lanja,33.2,0.0,0.0,4.0,0.0,1.0,43.0, - , - , - , - , - , - , - , - , - , - , - , - , - , - , - , - , - , - , - , - , - , - , - , - ,48,175.2,2
32,Sindhudurg,Devgad,27.4,0.0,0.0,0.0,0.0, - , - ,0.0,0.0, - , - , - , - , - , - , - , - , - , - , - , - , - , - , - , - , - , - , - , - , - , - ,0,0,0
33,,Malwan,27.8,0.0,0.0,2.0,0.0, - , - ,3.0,0.0, - , - , - , - , - , - , - , - , - , - , - , - , - , - , - , - , - , - , - , - , - , - ,5,10.8,1
34,,Sawantwadi,46.4,0.0,0.0,0.0,0.0, - , - ,3.0,0.0, - , - , - , - , - , - , - , - , - , - , - , - , - , - , - , - , - , - , - , - , - , - ,3,9.6,1
35,,Vengurla,31.4,0.0,0.0,0.0,0.0, - , - ,0.0,0.0, - , - , - , - , - , - , - , - , - , - , - , - , - , - , - , - , - , - , - , - , - , - ,0,0,0
36,,Kankawali,31.1,0.0,0.0,0.0,0.0, - , - ,0.0,4.0, - , - , - , - , - , - , - , - , - , - , - , - , - , - , - , - , - , - , - , - , - , - ,4,10.5,1
37,,Kudal,38.0,0.0,0.0,18.0,0.0, - , - ,23.0,24.0, - , - , - , - , - , - , - , - , - , - , - , - , - , - , - , - , - , - , - , - , - , - ,65,180.6,3
38,,Vaibhavwadi,36.0,0.0,4.0,35.0,0.0, - , - ,2.0,33.0, - , - , - , - , - , - , - , - , - , - , - , - , - , - , - , - , - , - , - , - , - , - ,74,159.5,3
39,,Dodamarg,46.4,0.0,0.0,0.0,0.0, - , - ,0.0,5.0, - , - , - , - , - , - , - , - , - , - , - , - , - , - , - , - , - , - , - , - , - , - ,5,38.8,1
40,Palghar,Vasai,12.9,-,-,-,-,-,-,-,0.0, - , - , - , - , - , - , - , - , - , - , - , - , - , - , - , - , - , - , - , - , - , - ,0,0,0
41,,Wada,15.1,-,-,-,-,-,-,-,0.0, - , - , - , - , - , - , - , - , - , - , - , - , - , - , - , - , - , - , - , - , - , - ,0,0,0
42,,Dahanu,17.1,-,-,-,-,-,-,-,0.0, - , - , - , - , - , - , - , - , - , - , - , - , - , - , - , - , - , - , - , - , - , - ,0,0,0
43,,Palghar,10.4,-,-,-,-,-,-,-,0.0, - , - , - , - , - , - , - , - , - , - , - , - , - , - , - , - , - , - , - , - , - , - ,0,0,0
44,,Javhar,19.5,-,-,-,-,-,-,-,0.0, - , - , - , - , - , - , - , - , - , - , - , - , - , - , - , - , - , - , - , - , - , - ,0,0,0
45,,Mokhada,18.4,-,-,-,-,-,-,-,0.0, - , - , - , - , - , - , - , - , - , - , - , - , - , - , - , - , - , - , - , - , - , - ,0,0,0
46,,Talasari,17.1,-,-,-,-,-,-,-,0.0, - , - , - , - , - , - , - , - , - , - , - , - , - , - , - , - , - , - , - , - , - , - ,0,0,0
47,,Vikramgad,19.5,-,-,-,-,-,-,-,0.0, - , - , - , - , - , - , - , - , - , - , - , - , - , - , - , - , - , - , - , - , - , - ,0,0,0
48,Nasik,Malegaon,25.8,9.0, - , - ,0.0, - ,0.0,0.0,0.0,0.0,0.0,0.0,0.0,0.0,0.0,0.0,0.0,0.0,0.0,0.0,0.0,0.0,0.0,0.0, - ,0.0, - , - , - , - , - ,9,33.7,1
49,,Baglan,26.7,7.0, - , - ,0.0, - ,0.0,0.0,0.0,0.0,0.0,0.0,0.0,0.0,0.0,0.0,0.0,0.0,0.0,0.0,0.0,0.0,0.0,0.0, - ,0.0, - , - , - , - , - ,7,22.9,1
50,,Kalwan,30.6,0.0, - , - ,0.0, - ,0.0,1.0,0.0,0.0,0.0,0.0,0.0,0.0,0.0,0.0,0.0,0.0,0.0,0.0,0.0,0.0,0.0,0.0, - ,0.0, - , - , - , - , - ,1,3,0
51,,Nandgaon,33.4,0.0, - , - ,0.0, - ,0.0,0.0,0.0,0.0,0.0,0.0,0.0,0.0,0.0,0.0,0.0,0.0,0.0,0.0,0.0,0.0,0.0,2.0, - ,0.0, - , - , - , - , - ,2,15.5,0
52,,Surgana,12.9,0.0, - , - ,0.0, - ,0.0,0.0,0.0,0.0,0.0,0.0,0.0,0.0,0.0,0.0,0.0,0.0,0.0,0.0,0.0,0.0,0.0,0.0, - ,0.0, - , - , - , - , - ,0,0,0
53,,Nasik,18.3,0.0, - , - ,40.0, - ,20.0,0.0,0.0,0.0,0.0,0.0,0.0,0.0,0.0,0.0,0.0,0.0,0.0,0.0,0.0,0.0,0.0,3.0, - ,0.0, - , - , - , - , - ,63,269.2,3
54,,Dindori,23.4,0.0, - , - ,10.0, - ,0.0,0.0,0.0,0.0,0.0,0.0,0.0,0.0,0.0,0.0,0.0,0.0,0.0,0.0,0.0,0.0,0.0,0.0, - ,0.0, - , - , - , - , - ,10,41.2,1
55,,Egatpuri,24.3,0.0, - , - ,2.0, - ,6.0,7.0,0.0,9.0,0.0,0.0,0.0,0.0,0.0,0.0,0.0,0.0,0.0,0.0,0.0,0.0,0.0,0.0, - ,0.0, - , - , - , - , - ,24,121.2,3
56,,Peth,19.8,8.0, - , - ,0.0, - ,6.0,9.0,0.0,8.0,0.0,0.0,0.0,0.0,0.0,0.0,0.0,0.0,0.0,0.0,0.0,0.0,0.0,0.0, - ,0.0, - , - , - , - , - ,31,124,4
57,,Niphad,25.0,2.0, - , - ,0.0, - ,1.0,0.0,0.0,0.0,0.0,0.0,0.0,0.0,0.0,0.0,0.0,0.0,0.0,0.0,0.0,0.0,0.0,0.0, - ,0.0, - , - , - , - , - ,3,10.4,0
58,,Sinnar,28.8,0.0, - , - ,1.0, - ,76.6,2.6,1.0,0.0,0.0,0.0,0.0,0.0,0.0,0.0,0.0,0.0,0.0,0.0,0.0,0.0,0.0,0.0, - ,0.0, - , - , - , - , - ,81.2,281,2
59,,Yevla,28.9,26.0, - , - ,0.0, - ,1.0,0.0,0.0,0.0,0.0,0.0,0.0,0.0,0.0,0.0,0.0,0.0,0.0,0.0,0.0,0.0,0.0,0.0, - ,0.0, - , - , - , - , - ,27,101.5,1
60,,Chandwad,26.6,16.0, - , - ,0.0, - ,0.0,0.0,20.0,0.0,0.0,0.0,0.0,0.0,0.0,0.0,0.0,0.0,0.0,0.0,0.0,0.0,0.0,0.0, - ,0.0, - , - , - , - , - ,36,196.7,2
61,,Trimbakeshwar,18.3,0.0, - , - ,16.0, - ,0.0,0.0,0.0,0.0,0.0,0.0,0.0,0.0,0.0,0.0,0.0,0.0,0.0,0.0,0.0,0.0,0.0,0.0, - ,0.0, - , - , - , - , - ,16,52.3,1
62,,Devali,30.6,-,-,-,0.0, - ,0.0,0.0,0.0,0.0,0.0,0.0,0.0,0.0,0.0,0.0,0.0,0.0,0.0,0.0,0.0,0.0,0.0,0.0, - ,0.0, - , - , - , - , - ,0,0,0
63,Dhule,Dhule,22.3,0.0, - , - , - , - , - , - , - , - , - , - , - , - , - , - , - , - , - , - , - , - , - , - , - , - , - , - , - , - , - ,0,0,0
64,,Sakri,19.3,68.0, - , - , - , - , - , - , - , - , - , - , - , - , - , - , - , - , - , - , - , - , - , - , - , - , - , - , - , - , - ,68,527.1,1
65,,Shirpur,12.9,0.0, - , - , - , - , - , - , - , - , - , - , - , - , - , - , - , - , - , - , - , - , - , - , - , - , - , - , - , - , - ,0,0,0
66,,Shindkheda,15.4,0.0, - , - , - , - , - , - , - , - , - , - , - , - , - , - , - , - , - , - , - , - , - , - , - , - , - , - , - , - , - ,0,0,0
67,Nandurbar,Nandurbar,14.0,-,-,-,-,-,-,-,0.0, - , - , - , - , - , - , - , - , - , - , - , - , - , - , - , - , - , - , - , - , - , - ,0,0,0
68,,Navapur,11.8,-,-,-,-,-,-,-,0.0, - , - , - , - , - , - , - , - , - , - , - , - , - , - , - , - , - , - , - , - , - , - ,0,0,0
69,,Shahada,9.2,-,-,-,-,-,-,-,8.0, - , - , - , - , - , - , - , - , - , - , - , - , - , - , - , - , - , - , - , - , - , - ,8,71.4,1
70,,Taloda,11.2,-,-,-,-,-,-,-,19.0, - , - , - , - , - , - , - , - , - , - , - , - , - , - , - , - , - , - , - , - , - , - ,19,263.9,1
71,,Akrani,7.2,-,-,-,-,-,-,-,0.0, - , - , - , - , - , - , - , - , - , - , - , - , - , - , - , - , - , - , - , - , - , - ,0,0,0
72,,Akkalkua,4.8,-,-,-,-,-,-,-,0.0, - , - , - , - , - , - , - , - , - , - , - , - , - , - , - , - , - , - , - , - , - , - ,0,0,0
73,Jalgaon,Jalgaon,20.3, - , - , - , - , - , - , - , - , - , - , - , - , - , - , - , - , - , - , - , - , - , - , - , - , - , - , - , - , - , - ,0,0,0
74,,Bhusawal,21.1, - , - , - , - , - , - , - , - , - , - , - , - , - , - , - , - , - , - , - , - , - , - , - , - , - , - , - , - , - , - ,0,0,0
75,,Yaval,19.2, - , - , - , - , - , - , - , - , - , - , - , - , - , - , - , - , - , - , - , - , - , - , - , - , - , - , - , - , - , - ,0,0,0
76,,Raver,21.9, - , - , - , - , - , - , - , - , - , - , - , - , - , - , - , - , - , - , - , - , - , - , - , - , - , - , - , - , - , - ,0,0,0
77,,Edlabad mukainagar,18.7, - , - , - , - , - , - , - , - , - , - , - , - , - , - , - , - , - , - , - , - , - , - , - , - , - , - , - , - , - , - ,0,0,0
78,,Amalner,16.4, - , - , - , - , - , - , - , - , - , - , - , - , - , - , - , - , - , - , - , - , - , - , - , - , - , - , - , - , - , - ,0,0,0
79,,Chopda,16.6, - , - , - , - , - , - , - , - , - , - , - , - , - , - , - , - , - , - , - , - , - , - , - , - , - , - , - , - , - , - ,0,0,0
80,,Erandol,19.5, - , - , - , - , - , - , - , - , - , - , - , - , - , - , - , - , - , - , - , - , - , - , - , - , - , - , - , - , - , - ,0,0,0
81,,Parola,17.9, - , - , - , - , - , - , - , - , - , - , - , - , - , - , - , - , - , - , - , - , - , - , - , - , - , - , - , - , - , - ,0,0,0
82,,Chalisgaon,26.1, - , - , - , - , - , - , - , - , - , - , - , - , - , - , - , - , - , - , - , - , - , - , - , - , - , - , - , - , - , - ,0,0,0
83,,Jamner,20.4, - , - , - , - , - , - , - , - , - , - , - , - , - , - , - , - , - , - , - , - , - , - , - , - , - , - , - , - , - , - ,0,0,0
84,,Pachora,24.2, - , - , - , - , - , - , - , - , - , - , - , - , - , - , - , - , - , - , - , - , - , - , - , - , - , - , - , - , - , - ,0,0,0
85,,Bhadgaon,22.3, - , - , - , - , - , - , - , - , - , - , - , - , - , - , - , - , - , - , - , - , - , - , - , - , - , - , - , - , - , - ,0,0,0
86,,Dharangaon,19.5, - , - , - , - , - , - , - , - , - , - , - , - , - , - , - , - , - , - , - , - , - , - , - , - , - , - , - , - , - , - ,0,0,0
87,,Bodhwada,21.1, - , - , - , - , - , - , - , - , - , - , - , - , - , - , - , - , - , - , - , - , - , - , - , - , - , - , - , - , - , - ,0,0,0
88,Ahamadnagar,Nagar,31.6, - , - , - , - , - , - , - , - , - , - , - , - , - , - , - , - , - , - , - , - , - , - , - , - , - , - , - , - , - , - ,0,0,0
89,,Parner,28.7, - , - , - , - , - , - , - , - , - , - , - , - , - , - , - , - , - , - , - , - , - , - , - , - , - , - , - , - , - , - ,0,0,0
90,,Shrigonda,30.0, - , - , - , - , - , - , - , - , - , - , - , - , - , - , - , - , - , - , - , - , - , - , - , - , - , - , - , - , - , - ,0,0,0
91,,Karjat,29.3, - , - , - , - , - , - , - , - , - , - , - , - , - , - , - , - , - , - , - , - , - , - , - , - , - , - , - , - , - , - ,0,0,0
92,,Jamkhed,29.7, - , - , - , - , - , - , - , - , - , - , - , - , - , - , - , - , - , - , - , - , - , - , - , - , - , - , - , - , - , - ,0,0,0
93,,Shegaon,27.6, - , - , - , - , - , - , - , - , - , - , - , - , - , - , - , - , - , - , - , - , - , - , - , - , - , - , - , - , - , - ,0,0,0
94,,Pathardi,33.5, - , - , - , - , - , - , - , - , - , - , - , - , - , - , - , - , - , - , - , - , - , - , - , - , - , - , - , - , - , - ,0,0,0
95,,Newasa,28.2, - , - , - , - , - , - , - , - , - , - , - , - , - , - , - , - , - , - , - , - , - , - , - , - , - , - , - , - , - , - ,0,0,0
96,,Rahuri,31.9, - , - , - , - , - , - , - , - , - , - , - , - , - , - , - , - , - , - , - , - , - , - , - , - , - , - , - , - , - , - ,0,0,0
97,,Sangamner,32.6, - , - , - , - , - , - , - , - , - , - , - , - , - , - , - , - , - , - , - , - , - , - , - , - , - , - , - , - , - , - ,0,0,0
98,,Akola,32.1, - , - , - , - , - , - , - , - , - , - , - , - , - , - , - , - , - , - , - , - , - , - , - , - , - , - , - , - , - , - ,0,0,0
99,,Kopargaon,29.6, - , - , - , - , - , - , - , - , - , - , - , - , - , - , - , - , - , - , - , - , - , - , - , - , - , - , - , - , - , - ,0,0,0
100,,Shrirampur,48.7, - , - , - , - , - , - , - , - , - , - , - , - , - , - , - , - , - , - , - , - , - , - , - , - , - , - , - , - , - , - ,0,0,0
101,,Rahata,29.6, - , - , - , - , - , - , - , - , - , - , - , - , - , - , - , - , - , - , - , - , - , - , - , - , - , - , - , - , - , - ,0,0,0
102,Pune,Pune city,29.9,-,10.3,0.0, - , - ,0.0,13.4,0.2, - , - , - , - , - , - , - , - , - , - , - , - , - , - , - , - , - , - , - , - , - , - ,23.9,79.9,2
103,,Haveli pune,29.9,-,10.3,0.0, - , - ,0.0,13.4,0.2, - , - , - , - , - , - , - , - , - , - , - , - , - , - , - , - , - , - , - , - , - , - ,23.9,80.2,2
104,,Mulshi paud,29.8,-,0.0,20.0, - , - ,0.0,1.0,0.0, - , - , - , - , - , - , - , - , - , - , - , - , - , - , - , - , - , - , - , - , - , - ,21,62.5,1
105,,Bhor,33.6,-,0.0,0.0, - , - ,0.0,0.0,0.0, - , - , - , - , - , - , - , - , - , - , - , - , - , - , - , - , - , - , - , - , - , - ,0,0,0
106,,Maval wadgaon,27.8,-,0.0,32.0, - , - ,7.0,0.0,0.0, - , - , - , - , - , - , - , - , - , - , - , - , - , - , - , - , - , - , - , - , - , - ,39,107.4,2
107,,Velhe,36.3,-,0.0,0.0, - , - ,0.0,0.0,0.0, - , - , - , - , - , - , - , - , - , - , - , - , - , - , - , - , - , - , - , - , - , - ,0,0,0
108,,Junnar,36.1,-,0.0,0.0, - , - ,0.0,15.0,0.0, - , - , - , - , - , - , - , - , - , - , - , - , - , - , - , - , - , - , - , - , - , - ,15,45.7,1
109,,Khed Rajgurunagar,32.8,-,46.0,0.0, - , - ,18.8,0.0,0.0, - , - , - , - , - , - , - , - , - , - , - , - , - , - , - , - , - , - , - , - , - , - ,64.8,188.9,2
110,,Ambegaon ghodegaon,34.3,6.0,0.0,0.0, - , - ,15.0,0.0,0.0, - , - , - , - , - , - , - , - , - , - , - , - , - , - , - , - , - , - , - , - , - , - ,21,70,2
111,,Shirur ghodnandi,30.0,-,56.0,0.0, - , - ,0.0,9.0,8.0, - , - , - , - , - , - , - , - , - , - , - , - , - , - , - , - , - , - , - , - , - , - ,73,227.4,3
112,,Baramati,32.1,-,0.0,0.0, - , - ,0.0,0.0,8.0, - , - , - , - , - , - , - , - , - , - , - , - , - , - , - , - , - , - , - , - , - , - ,8,27.9,1
113,,Indapur,28.7,9.3,0.0,0.0, - , - ,47.3,0.0,0.0, - , - , - , - , - , - , - , - , - , - , - , - , - , - , - , - , - , - , - , - , - , - ,56.6,194.5,2
114,,Daund,29.1,-,0.0,0.0, - , - ,16.0,0.0,0.0, - , - , - , - , - , - , - , - , - , - , - , - , - , - , - , - , - , - , - , - , - , - ,16,48.3,1
115,,Purandar saswad,33.1,-,0.0,0.0, - , - ,0.0,0.0,0.0, - , - , - , - , - , - , - , - , - , - , - , - , - , - , - , - , - , - , - , - , - , - ,0,0,0
116,Solapur,N.solapur,26.7,-,-,1.8,4.4, - ,18.0, - ,75.4, - , - , - , - , - , - , - , - , - , - , - , - , - , - , - , - , - , - , - , - , - , - ,99.6,373,3
117,,S.solapur,26.7,-,-,1.8,4.4, - ,18.0, - ,75.4, - , - , - , - , - , - , - , - , - , - , - , - , - , - , - , - , - , - , - , - , - , - ,99.6,333.1,3
118,,Barshi,29.9,-,-,0.0,0.0, - ,0.0, - ,45.0, - , - , - , - , - , - , - , - , - , - , - , - , - , - , - , - , - , - , - , - , - , - ,45,161.9,1
119,,Akkalkot,27.8,-,-,0.0,0.0, - ,88.0, - ,13.0, - , - , - , - , - , - , - , - , - , - , - , - , - , - , - , - , - , - , - , - , - , - ,101,413.9,2
120,,Mohol,24.4,-,-,0.0,0.0, - ,0.0, - ,26.2, - , - , - , - , - , - , - , - , - , - , - , - , - , - , - , - , - , - , - , - , - , - ,26.2,89.4,1
121,,Madha,29.3,-,-,0.0,0.0, - ,0.0, - ,12.6, - , - , - , - , - , - , - , - , - , - , - , - , - , - , - , - , - , - , - , - , - , - ,12.6,60.9,1
122,,Karmala,20.7,-,-,-,0.0, - ,0.0, - ,6.0, - , - , - , - , - , - , - , - , - , - , - , - , - , - , - , - , - , - , - , - , - , - ,6,21.4,1
123,,Pandharpur,28.1,-,-,0.0,0.0, - ,0.0, - ,14.0, - , - , - , - , - , - , - , - , - , - , - , - , - , - , - , - , - , - , - , - , - , - ,14,42.2,1
124,,Sangola,33.2,-,-,0.0,0.0, - ,0.0, - ,43.0, - , - , - , - , - , - , - , - , - , - , - , - , - , - , - , - , - , - , - , - , - , - ,43,127.6,1
125,,Malshiras,33.7,-,-,0.0,0.0, - ,0.0, - ,110.0, - , - , - , - , - , - , - , - , - , - , - , - , - , - , - , - , - , - , - , - , - , - ,110,709.7,1
126,,Mangalwedha,15.5,-,-,0.0,0.0, - ,0.0, - ,58.0, - , - , - , - , - , - , - , - , - , - , - , - , - , - , - , - , - , - , - , - , - , - ,58,122.1,1
127,Satara,Satara,47.5,0.0,1.0,4.2, - , - ,14.2,2.4,3.0, - , - , - , - , - , - , - , - , - , - , - , - , - , - , - , - , - , - , - , - , - , - ,24.8,57.1,3
128,,Javli medha,43.4,0.1,0.0,2.0, - , - ,3.1,0.0,5.4, - , - , - , - , - , - , - , - , - , - , - , - , - , - , - , - , - , - , - , - , - , - ,10.6,33.5,2
129,,Patan,31.6,0.0,11.0,0.0, - , - ,0.0,10.0,14.0, - , - , - , - , - , - , - , - , - , - , - , - , - , - , - , - , - , - , - , - , - , - ,35,85.8,3
130,,Karad,40.8,0.0,0.0,0.0, - , - ,51.0,0.0,21.2, - , - , - , - , - , - , - , - , - , - , - , - , - , - , - , - , - , - , - , - , - , - ,72.2,208.1,2
131,,Koregaon,34.7,0.0,0.0,0.0, - , - ,10.0,4.0,11.4, - , - , - , - , - , - , - , - , - , - , - , - , - , - , - , - , - , - , - , - , - , - ,25.4,87.3,3
132,,Khatav vaduj,29.1,0.0,0.0,0.0, - , - ,1.5,0.0,0.0, - , - , - , - , - , - , - , - , - , - , - , - , - , - , - , - , - , - , - , - , - , - ,1.5,4.1,0
133,,Man dahiwadi,36.2,0.0,2.0,0.0, - , - ,2.0,0.0,4.0, - , - , - , - , - , - , - , - , - , - , - , - , - , - , - , - , - , - , - , - , - , - ,8,24.4,1
134,,Phaltan,32.8,0.0, - ,0.0, - , - ,16.0,0.0,21.0, - , - , - , - , - , - , - , - , - , - , - , - , - , - , - , - , - , - , - , - , - , - ,37,110.4,2
135,,Khandala,33.5,0.0, - ,0.0, - , - ,32.0,9.4,0.0, - , - , - , - , - , - , - , - , - , - , - , - , - , - , - , - , - , - , - , - , - , - ,41.4,102,2
136,,Wai,40.6,3.7, - ,5.6, - , - ,3.0,0.0,8.6, - , - , - , - , - , - , - , - , - , - , - , - , - , - , - , - , - , - , - , - , - , - ,20.9,48.2,4
137,,Mahableshwar,43.4,9.5, - ,22.0, - , - ,18.5,24.5,0.0, - , - , - , - , - , - , - , - , - , - , - , - , - , - , - , - , - , - , - , - , - , - ,74.5,192,4
138,Sangli,Miraj,38.8,-,-,-,-,-,31.0, - , - , - , - , - , - , - , - , - , - , - , - , - , - , - , - , - , - , - , - , - , - , - , - ,31,103.7,1
139,,Jath,29.9,-,-,-,-,-,9.0, - , - , - , - , - , - , - , - , - , - , - , - , - , - , - , - , - , - , - , - , - , - , - , - ,9,41.3,1
140,,Khanapur vita,21.8,-,-,-,-,-,0.0, - , - , - , - , - , - , - , - , - , - , - , - , - , - , - , - , - , - , - , - , - , - , - , - ,0,0,0
141,,Valva eslampur,32.2,-,-,-,-,-,89.0, - , - , - , - , - , - , - , - , - , - , - , - , - , - , - , - , - , - , - , - , - , - , - , - ,89,263.3,1
142,,Tasgaon,33.8,-,-,-,-,-,28.1, - , - , - , - , - , - , - , - , - , - , - , - , - , - , - , - , - , - , - , - , - , - , - , - ,28.1,77.6,1
143,,Shirala,36.2,-,-,-,-,-,50.0, - , - , - , - , - , - , - , - , - , - , - , - , - , - , - , - , - , - , - , - , - , - , - , - ,50,161.3,1
144,,Atpadi,31.0,-,-,-,-,-,0.0, - , - , - , - , - , - , - , - , - , - , - , - , - , - , - , - , - , - , - , - , - , - , - , - ,0,0,0
145,,Kavthemahankal,23.0,-,-,-,-,-,17.9, - , - , - , - , - , - , - , - , - , - , - , - , - , - , - , - , - , - , - , - , - , - , - , - ,17.9,53,1
146,,Palus,33.8,-,-,-,-,-,0.0, - , - , - , - , - , - , - , - , - , - , - , - , - , - , - , - , - , - , - , - , - , - , - , - ,0,0,0
147,,Kadegaon,21.8,-,-,-,-,-,29.0, - , - , - , - , - , - , - , - , - , - , - , - , - , - , - , - , - , - , - , - , - , - , - , - ,29,91.5,1
148,Kolhapur,Hatkanangle,31.7,0.0,0.0,0.0,0.0,0.0,92.0,0.0,8.0, - , - , - , - , - , - , - , - , - , - , - , - , - , - , - , - , - , - , - , - , - , - ,100,253.2,2
149,,Shirol,39.5,0.0,0.0,0.0,0.0,0.0,32.0,0.0,8.0, - , - , - , - , - , - , - , - , - , - , - , - , - , - , - , - , - , - , - , - , - , - ,40,112.4,2
150,,Panhala,35.6,0.0,5.0,1.0,0.0,0.0,39.0,0.0,45.0, - , - , - , - , - , - , - , - , - , - , - , - , - , - , - , - , - , - , - , - , - , - ,90,378.2,3
151,,Shauwadi,23.8,0.0,3.0,3.0,0.0,0.0,14.0,0.0,3.0, - , - , - , - , - , - , - , - , - , - , - , - , - , - , - , - , - , - , - , - , - , - ,23,54.6,4
152,,Radhanagari,42.1,0.0,0.0,0.0,0.0,0.0,13.0,5.0,29.0, - , - , - , - , - , - , - , - , - , - , - , - , - , - , - , - , - , - , - , - , - , - ,47,97.9,3
153,,Bavda,48.0,0.0,32.0,4.0,0.0,0.0,56.0,2.0,17.0, - , - , - , - , - , - , - , - , - , - , - , - , - , - , - , - , - , - , - , - , - , - ,111,271.4,4
154,,Karveer kolhapur,40.9,0.0,0.0,0.0,0.0,0.0,77.7,0.0,11.4, - , - , - , - , - , - , - , - , - , - , - , - , - , - , - , - , - , - , - , - , - , - ,89.1,218.4,2
155,,Kagal,40.8,0.0,0.0,0.0,0.0,0.0,3.0,0.0,33.0, - , - , - , - , - , - , - , - , - , - , - , - , - , - , - , - , - , - , - , - , - , - ,36,98.1,2
156,,Gadhinglaj,36.7,0.0,0.0,0.0,0.0,0.0,0.0,0.0,13.0, - , - , - , - , - , - , - , - , - , - , - , - , - , - , - , - , - , - , - , - , - , - ,13,37.1,1
157,,Bhudargad,35.0,0.0,0.0,0.0,0.0,0.0,10.0,0.0,35.0, - , - , - , - , - , - , - , - , - , - , - , - , - , - , - , - , - , - , - , - , - , - ,45,122.6,2
158,,Ajara,36.7,0.0,0.0,0.0,0.0,0.0,0.0,0.0,14.0, - , - , - , - , - , - , - , - , - , - , - , - , - , - , - , - , - , - , - , - , - , - ,14,33.7,1
159,,Chandgad,41.6,0.0,0.0,0.0,0.0,0.0,6.0,1.0,0.0, - , - , - , - , - , - , - , - , - , - , - , - , - , - , - , - , - , - , - , - , - , - ,7,26.2,1
160,Aurangabad,Aurangabad,26.7,0.0,0.0,0.0,0.0,0.0,0.0,0.0,0.0,0.0,0.0, - ,0.0, - , - , - , - , - , - , - , - , - , - , - , - , - , - , - , - , - , - ,0,0,0
161,,Paithan,9.6,0.0,0.0,0.0,0.0,0.0,0.0,0.0,0.0,0.0,0.0, - ,0.0, - , - , - , - , - , - , - , - , - , - , - , - , - , - , - , - , - , - ,0,0,0
162,,Gangapur,11.2,0.0,0.0,0.0,0.0,0.0,0.0,0.0,0.0,0.0,0.0, - ,0.0, - , - , - , - , - , - , - , - , - , - , - , - , - , - , - , - , - , - ,0,0,0
163,,Vaijapur,19.5,0.0,0.0,0.0,0.0,0.0,0.0,0.0,0.0,0.0,0.0, - ,0.0, - , - , - , - , - , - , - , - , - , - , - , - , - , - , - , - , - , - ,0,0,0
164,,Kannad,27.9,0.0,0.0,0.0,0.0,0.0,0.0,0.0,0.0,0.0,0.0, - ,0.0, - , - , - , - , - , - , - , - , - , - , - , - , - , - , - , - , - , - ,0,0,0
165,,Khultabad,14.0,0.0,0.0,0.0,0.0,0.0,0.0,0.0,0.0,0.0,0.0, - ,0.0, - , - , - , - , - , - , - , - , - , - , - , - , - , - , - , - , - , - ,0,0,0
166,,Sillod,21.1,0.0,0.0,0.0,0.0,0.0,0.0,0.0,0.0,0.0,0.0, - ,0.0, - , - , - , - , - , - , - , - , - , - , - , - , - , - , - , - , - , - ,0,0,0
167,,Soegaon,17.4,0.0,0.0,0.0,0.0,0.0,0.0,0.0,0.0,0.0,0.0, - ,0.0, - , - , - , - , - , - , - , - , - , - , - , - , - , - , - , - , - , - ,0,0,0
168,,Phulambri,26.7,0.0,0.0,0.0,0.0,0.0,0.0,0.0,0.0,0.0,0.0, - ,0.0, - , - , - , - , - , - , - , - , - , - , - , - , - , - , - , - , - , - ,0,0,0
169,Jalna,Bhokardhan,13.0,0.0,0.0,0.0,0.0,0.0,0.0, - , - , - , - ,0.0, - ,0.0, - , - , - , - , - , - , - , - , - , - , - , - , - , - , - , - , - ,0,0,0
170,,Jafrabad,24.9,0.0,0.0,0.0,0.0,0.0,0.0, - , - , - , - ,0.0, - ,0.0, - , - , - , - , - , - , - , - , - , - , - , - , - , - , - , - , - ,0,0,0
171,,Jalna,18.1,0.0,0.0,0.0,0.0,0.0,0.0, - , - , - , - ,0.0, - ,0.0, - , - , - , - , - , - , - , - , - , - , - , - , - , - , - , - , - ,0,0,0
172,,Ambad,31.4,0.0,0.0,0.0,0.0,0.0,0.0, - , - , - , - ,0.0, - ,0.0, - , - , - , - , - , - , - , - , - , - , - , - , - , - , - , - , - ,0,0,0
173,,Partur,20.2,0.0,0.0,0.0,0.0,0.0,0.0, - , - , - , - ,0.0, - ,0.0, - , - , - , - , - , - , - , - , - , - , - , - , - , - , - , - , - ,0,0,0
174,,Badnapur,18.1,0.0,0.0,0.0,0.0,0.0,0.0, - , - , - , - ,0.0, - ,0.0, - , - , - , - , - , - , - , - , - , - , - , - , - , - , - , - , - ,0,0,0
175,,Ghansangvi,31.4,0.0,0.0,0.0,0.0,0.0,0.0, - , - , - , - ,0.0, - ,0.0, - , - , - , - , - , - , - , - , - , - , - , - , - , - , - , - , - ,0,0,0
176,,Mantha,20.2,0.0,0.0,0.0,0.0,0.0,0.0, - , - , - , - ,0.0, - ,0.0, - , - , - , - , - , - , - , - , - , - , - , - , - , - , - , - , - ,0,0,0
177,Beed,Beed,30.6,0.0,0.0,0.0,0.0,0.0,0.0,0.0,0.0,0.0,0.0,0.0, - , - , - , - , - , - , - , - , - , - , - , - , - , - , - , - , - , - , - ,0,0,0
178,,Patoda,28.4,0.0,0.0,0.0,0.0,0.0,0.0,0.0,25.0,0.0,0.0,0.0, - , - , - , - , - , - , - , - , - , - , - , - , - , - , - , - , - , - , - ,25,131.6,1
179,,Ashti,19.0,0.0,0.0,0.0,0.0,0.0,0.0,0.0,0.0,11.0,0.0,0.0, - , - , - , - , - , - , - , - , - , - , - , - , - , - , - , - , - , - , - ,11,56.7,1
180,,Gevari,19.4,0.0,0.0,0.0,0.0,0.0,0.0,0.0,0.0,0.0,0.0,0.0, - , - , - , - , - , - , - , - , - , - , - , - , - , - , - , - , - , - , - ,0,0,0
181,,Majalgaon,15.7,0.0,0.0,0.0,0.0,0.0,0.0,0.0,0.0,0.0,0.0,0.0, - , - , - , - , - , - , - , - , - , - , - , - , - , - , - , - , - , - , - ,0,0,0
182,,Ambejogai,20.7,0.0,0.0,0.0,0.0,0.0,0.0,0.0,0.0,0.0,0.0,0.0, - , - , - , - , - , - , - , - , - , - , - , - , - , - , - , - , - , - , - ,0,0,0
183,,Kej,20.7,0.0,0.0,0.0,0.0,0.0,0.0,0.0,22.0,0.0,0.0,0.0, - , - , - , - , - , - , - , - , - , - , - , - , - , - , - , - , - , - , - ,22,71.9,1
184,,Parali,30.6,0.0,0.0,0.0,0.0,0.0,0.0,0.0,0.0,0.0,0.0,0.0, - , - , - , - , - , - , - , - , - , - , - , - , - , - , - , - , - , - , - ,0,0,0
185,,Dharur,20.7,0.0,0.0,0.0,0.0,0.0,0.0,0.0,0.0,0.0,0.0,0.0, - , - , - , - , - , - , - , - , - , - , - , - , - , - , - , - , - , - , - ,0,0,0
186,,Vadavani,15.7,0.0,0.0,0.0,0.0,0.0,0.0,0.0,0.0,0.0,0.0,0.0, - , - , - , - , - , - , - , - , - , - , - , - , - , - , - , - , - , - , - ,0,0,0
187,,Shirur Kasar,28.4,0.0,0.0,0.0,0.0, - ,0.0,0.0,0.0,9.0,0.0,0.0, - , - , - , - , - , - , - , - , - , - , - , - , - , - , - , - , - , - , - ,9,44.8,1
188,Latur,Latur,20.1, - , - , - , - , - , - , - , - , - , - , - , - , - , - , - , - , - , - , - , - , - , - , - , - , - , - , - , - , - , - ,0,0,0
189,,Ausa,20.1, - , - , - , - , - , - , - , - , - , - , - , - , - , - , - , - , - , - , - , - , - , - , - , - , - , - , - , - , - , - ,0,0,0
190,,Ahmedpur,19.6, - , - , - , - , - , - , - , - , - , - , - , - , - , - , - , - , - , - , - , - , - , - , - , - , - , - , - , - , - , - ,0,0,0
191,,Nilanga,20.7, - , - , - , - , - , - , - , - , - , - , - , - , - , - , - , - , - , - , - , - , - , - , - , - , - , - , - , - , - , - ,0,0,0
192,,Udgir,20.7, - , - , - , - , - , - , - , - , - , - , - , - , - , - , - , - , - , - , - , - , - , - , - , - , - , - , - , - , - , - ,0,0,0
193,,Chakur,19.6, - , - , - , - , - , - , - , - , - , - , - , - , - , - , - , - , - , - , - , - , - , - , - , - , - , - , - , - , - , - ,0,0,0
194,,Renapur,19.6, - , - , - , - , - , - , - , - , - , - , - , - , - , - , - , - , - , - , - , - , - , - , - , - , - , - , - , - , - , - ,0,0,0
195,,Davani,20.7, - , - , - , - , - , - , - , - , - , - , - , - , - , - , - , - , - , - , - , - , - , - , - , - , - , - , - , - , - , - ,0,0,0
196,,Shirur Anantmal,20.7, - , - , - , - , - , - , - , - , - , - , - , - , - , - , - , - , - , - , - , - , - , - , - , - , - , - , - , - , - , - ,0,0,0
197,,Jalkot,20.7, - , - , - , - , - , - , - , - , - , - , - , - , - , - , - , - , - , - , - , - , - , - , - , - , - , - , - , - , - , - ,0,0,0
198,Osmanabad,Osmanabad,23.0,-,0.0, - , - , - ,2.0, - ,13.0, - , - , - , - , - , - , - , - , - , - , - , - , - , - , - , - , - , - , - , - , - , - ,15,100,1
199,,Tuljapur,15.0,-,35.0, - , - , - ,7.0, - ,19.0, - , - , - , - , - , - , - , - , - , - , - , - , - , - , - , - , - , - , - , - , - , - ,61,316.1,3
200,,Paranda,19.3,-,0.0, - , - , - ,0.0, - ,15.0, - , - , - , - , - , - , - , - , - , - , - , - , - , - , - , - , - , - , - , - , - , - ,15,172.4,1
201,,Bhum,8.7,-,0.0, - , - , - ,0.0, - ,24.0, - , - , - , - , - , - , - , - , - , - , - , - , - , - , - , - , - , - , - , - , - , - ,24,275.9,1
202,,Kalamb,8.7,-,20.0, - , - , - ,0.0, - ,14.0, - , - , - , - , - , - , - , - , - , - , - , - , - , - , - , - , - , - , - , - , - , - ,34,226.7,2
203,,Umarga,15.0,-,0.0, - , - , - ,0.0, - ,5.0, - , - , - , - , - , - , - , - , - , - , - , - , - , - , - , - , - , - , - , - , - , - ,5,33.3,1
204,,Lohara,15.0,-,0.0, - , - , - ,0.0, - ,6.0, - , - , - , - , - , - , - , - , - , - , - , - , - , - , - , - , - , - , - , - , - , - ,6,69,1
205,,Washi,8.7,-,0.0, - , - , - ,0.0, - ,18.0, - , - , - , - , - , - , - , - , - , - , - , - , - , - , - , - , - , - , - , - , - , - ,18,93.8,1
206,Nanded,Nanded,19.2, - , - , - , - , - , - , - , - , - , - , - , - , - , - , - , - , - , - , - , - , - , - , - , - , - , - , - , - , - , - ,0,0,0
207,,Biloli,17.7, - , - , - , - , - , - , - , - , - , - , - , - , - , - , - , - , - , - , - , - , - , - , - , - , - , - , - , - , - , - ,0,0,0
208,,Mukhed,17.0, - , - , - , - , - , - , - , - , - , - , - , - , - , - , - , - , - , - , - , - , - , - , - , - , - , - , - , - , - , - ,0,0,0
209,,Kandhar,9.5, - , - , - , - , - , - , - , - , - , - , - , - , - , - , - , - , - , - , - , - , - , - , - , - , - , - , - , - , - , - ,0,0,0
210,,Loha,9.5, - , - , - , - , - , - , - , - , - , - , - , - , - , - , - , - , - , - , - , - , - , - , - , - , - , - , - , - , - , - ,0,0,0
211,,Hadgaon,19.2, - , - , - , - , - , - , - , - , - , - , - , - , - , - , - , - , - , - , - , - , - , - , - , - , - , - , - , - , - , - ,0,0,0
212,,Bhokar,19.2, - , - , - , - , - , - , - , - , - , - , - , - , - , - , - , - , - , - , - , - , - , - , - , - , - , - , - , - , - , - ,0,0,0
213,,Deglur,17.0, - , - , - , - , - , - , - , - , - , - , - , - , - , - , - , - , - , - , - , - , - , - , - , - , - , - , - , - , - , - ,0,0,0
214,,Kinwat,10.0, - , - , - , - , - , - , - , - , - , - , - , - , - , - , - , - , - , - , - , - , - , - , - , - , - , - , - , - , - , - ,0,0,0
215,,Mudkhed,19.2, - , - , - , - , - , - , - , - , - , - , - , - , - , - , - , - , - , - , - , - , - , - , - , - , - , - , - , - , - , - ,0,0,0
216,,Himayat Nagar,19.2, - , - , - , - , - , - , - , - , - , - , - , - , - , - , - , - , - , - , - , - , - , - , - , - , - , - , - , - , - , - ,0,0,0
217,,Mahur,0.1, - , - , - , - , - , - , - , - , - , - , - , - , - , - , - , - , - , - , - , - , - , - , - , - , - , - , - , - , - , - ,0,0,0
218,,Dharmabad,17.7, - , - , - , - , - , - , - , - , - , - , - , - , - , - , - , - , - , - , - , - , - , - , - , - , - , - , - , - , - , - ,0,0,0
219,,Umari,19.2, - , - , - , - , - , - , - , - , - , - , - , - , - , - , - , - , - , - , - , - , - , - , - , - , - , - , - , - , - , - ,0,0,0
220,,Ardhapur,19.2, - , - , - , - , - , - , - , - , - , - , - , - , - , - , - , - , - , - , - , - , - , - , - , - , - , - , - , - , - , - ,0,0,0
221,,Naigaon kh,17.7, - , - , - , - , - , - , - , - , - , - , - , - , - , - , - , - , - , - , - , - , - , - , - , - , - , - , - , - , - , - ,0,0,0
222,Parabhani,Parbhani,27.7, - , - , - , - , - , - , - , - , - , - , - , - , - , - , - , - , - , - , - , - , - , - , - , - , - , - , - , - , - , - ,0,0,0
223,,Gangakhed,7.8, - , - , - , - , - , - , - , - , - , - , - , - , - , - , - , - , - , - , - , - , - , - , - , - , - , - , - , - , - , - ,0,0,0
224,,Pathari,7.8, - , - , - , - , - , - , - , - , - , - , - , - , - , - , - , - , - , - , - , - , - , - , - , - , - , - , - , - , - , - ,0,0,0
225,,Jintur,17.8, - , - , - , - , - , - , - , - , - , - , - , - , - , - , - , - , - , - , - , - , - , - , - , - , - , - , - , - , - , - ,0,0,0
226,,Purna,17.8, - , - , - , - , - , - , - , - , - , - , - , - , - , - , - , - , - , - , - , - , - , - , - , - , - , - , - , - , - , - ,0,0,0
227,,Palam,38.5, - , - , - , - , - , - , - , - , - , - , - , - , - , - , - , - , - , - , - , - , - , - , - , - , - , - , - , - , - , - ,0,0,0
228,,Seloo,7.8, - , - , - , - , - , - , - , - , - , - , - , - , - , - , - , - , - , - , - , - , - , - , - , - , - , - , - , - , - , - ,0,0,0
229,,Sonpeth,38.5, - , - , - , - , - , - , - , - , - , - , - , - , - , - , - , - , - , - , - , - , - , - , - , - , - , - , - , - , - , - ,0,0,0
230,,Manvat,7.8, - , - , - , - , - , - , - , - , - , - , - , - , - , - , - , - , - , - , - , - , - , - , - , - , - , - , - , - , - , - ,0,0,0
231,Hingoli,Hingoli,21.1,-,-,-,-,-,-,-,28.0, - , - , - , - , - , - , - , - , - , - , - , - , - , - , - , - , - , - , - , - , - , - ,28,190.5,1
232,,Kalmnuri,14.7,-,-,-,-,-,-,-,7.2, - , - , - , - , - , - , - , - , - , - , - , - , - , - , - , - , - , - , - , - , - , - ,7.2,28.9,1
233,,Basmat,24.9,-,-,-,-,-,-,-,1.0, - , - , - , - , - , - , - , - , - , - , - , - , - , - , - , - , - , - , - , - , - , - ,1,4.7,0
234,,Audha,21.1,-,-,-,-,-,-,-,2.0, - , - , - , - , - , - , - , - , - , - , - , - , - , - , - , - , - , - , - , - , - , - ,2,9.5,0
235,,Sengaon,21.1,-,-,-,-,-,-,-,10.2, - , - , - , - , - , - , - , - , - , - , - , - , - , - , - , - , - , - , - , - , - , - ,10.2,53.1,1
236,Buldhana,Jalgaon jamod,19.2,-,-,-,-,-,-,-,0.0, - , - , - , - , - , - , - , - , - , - , - , - , - , - , - , - , - , - , - , - , - , - ,0,0,0
237,,Sangrampur,19.2,-,-,-,-,-,-,-,0.0, - , - , - , - , - , - , - , - , - , - , - , - , - , - , - , - , - , - , - , - , - , - ,0,0,0
238,,Chikhali,24.9,-,-,-,-,-,-,-,0.0, - , - , - , - , - , - , - , - , - , - , - , - , - , - , - , - , - , - , - , - , - , - ,0,0,0
239,,Buldhana,24.3,-,-,-,-,-,-,-,0.0, - , - , - , - , - , - , - , - , - , - , - , - , - , - , - , - , - , - , - , - , - , - ,0,0,0
240,,Deulgaon raja,26.0,-,-,-,-,-,-,-,0.0, - , - , - , - , - , - , - , - , - , - , - , - , - , - , - , - , - , - , - , - , - , - ,0,0,0
241,,Mehkar,29.1,-,-,-,-,-,-,-,12.0, - , - , - , - , - , - , - , - , - , - , - , - , - , - , - , - , - , - , - , - , - , - ,12,46.2,1
242,,Shindkhedraja,26.0,-,-,-,-,-,-,-,0.0, - , - , - , - , - , - , - , - , - , - , - , - , - , - , - , - , - , - , - , - , - , - ,0,0,0
243,,Lonar,29.1,-,-,-,-,-,-,-,36.0, - , - , - , - , - , - , - , - , - , - , - , - , - , - , - , - , - , - , - , - , - , - ,36,145.7,1
244,,Khamgaon,24.7,-,-,-,-,-,-,-,0.0, - , - , - , - , - , - , - , - , - , - , - , - , - , - , - , - , - , - , - , - , - , - ,0,0,0
245,,Shegaon,19.0,-,-,-,-,-,-,-,0.0, - , - , - , - , - , - , - , - , - , - , - , - , - , - , - , - , - , - , - , - , - , - ,0,0,0
246,,Malkapur,20.4,-,-,-,-,-,-,-,0.0, - , - , - , - , - , - , - , - , - , - , - , - , - , - , - , - , - , - , - , - , - , - ,0,0,0
247,,Motala,20.0,-,-,-,-,-,-,-,0.0, - , - , - , - , - , - , - , - , - , - , - , - , - , - , - , - , - , - , - , - , - , - ,0,0,0
248,,Nandura,20.0,-,-,-,-,-,-,-,25.0, - , - , - , - , - , - , - , - , - , - , - , - , - , - , - , - , - , - , - , - , - , - ,25,102,1
249,Akola,Akot,24.5,10.3, - , - , - , - , - , - , - , - , - , - , - , - , - , - , - , - , - , - , - , - , - , - , - , - , - , - , - , - , - ,10.3,42,1
250,,Telhara,24.5,4.7, - , - , - , - , - , - , - , - , - , - , - , - , - , - , - , - , - , - , - , - , - , - , - , - , - , - , - , - , - ,4.7,24,1
251,,Balapur,19.6,0.0, - , - , - , - , - , - , - , - , - , - , - , - , - , - , - , - , - , - , - , - , - , - , - , - , - , - , - , - , - ,0,0,0
252,,Patur,20.3,0.0, - , - , - , - , - , - , - , - , - , - , - , - , - , - , - , - , - , - , - , - , - , - , - , - , - , - , - , - , - ,0,0,0
253,,Akola,18.0,8.7, - , - , - , - , - , - , - , - , - , - , - , - , - , - , - , - , - , - , - , - , - , - , - , - , - , - , - , - , - ,8.7,48.3,1
254,,Barshitakli,18.0,8.0, - , - , - , - , - , - , - , - , - , - , - , - , - , - , - , - , - , - , - , - , - , - , - , - , - , - , - , - , - ,8,32.8,1
255,,Murtijapur,24.4,0.0, - , - , - , - , - , - , - , - , - , - , - , - , - , - , - , - , - , - , - , - , - , - , - , - , - , - , - , - , - ,0,0,0
256,Washim,Washim,23.2,0.0,0.0,27.0,14.0, - , - , - , - , - , - , - , - , - , - , - , - , - , - , - , - , - , - , - , - , - , - , - , - , - , - ,41,160.8,2
257,,Risod,25.5,0.0,0.0,2.0,35.0, - , - , - , - , - , - , - , - , - , - , - , - , - , - , - , - , - , - , - , - , - , - , - , - , - , - ,37,159.5,1
258,,Malegaon,23.2,0.0,0.0,0.0,0.0, - , - , - , - , - , - , - , - , - , - , - , - , - , - , - , - , - , - , - , - , - , - , - , - , - , - ,0,0,0
259,,Mangrulpir,21.6,12.5,0.0,0.0,0.0, - , - , - , - , - , - , - , - , - , - , - , - , - , - , - , - , - , - , - , - , - , - , - , - , - , - ,12.5,57.9,1
260,,Manora,21.6,14.0,0.0,0.0,4.8, - , - , - , - , - , - , - , - , - , - , - , - , - , - , - , - , - , - , - , - , - , - , - , - , - , - ,18.8,92.2,2
261,,Karanja,20.4,35.2,0.0,0.0,0.0, - , - , - , - , - , - , - , - , - , - , - , - , - , - , - , - , - , - , - , - , - , - , - , - , - , - ,35.2,174.3,1
262,Amravati,Dharni,20.2, - , - , - , - , - , - , - , - , - , - , - , - , - , - , - , - , - , - , - , - , - , - , - , - , - , - , - , - , - , - ,0,0,0
263,,Chikhaldhara,39.5, - , - , - , - , - , - , - , - , - , - , - , - , - , - , - , - , - , - , - , - , - , - , - , - , - , - , - , - , - , - ,0,0,0
264,,Amravati,20.0, - , - , - , - , - , - , - , - , - , - , - , - , - , - , - , - , - , - , - , - , - , - , - , - , - , - , - , - , - , - ,0,0,0
265,,Bhatkuli,20.0, - , - , - , - , - , - , - , - , - , - , - , - , - , - , - , - , - , - , - , - , - , - , - , - , - , - , - , - , - , - ,0,0,0
266,,Nandgaon khandeshwar,20.0, - , - , - , - , - , - , - , - , - , - , - , - , - , - , - , - , - , - , - , - , - , - , - , - , - , - , - , - , - , - ,0,0,0
267,,Chandur railway,15.3, - , - , - , - , - , - , - , - , - , - , - , - , - , - , - , - , - , - , - , - , - , - , - , - , - , - , - , - , - , - ,0,0,0
268,,Tiwasa,15.3, - , - , - , - , - , - , - , - , - , - , - , - , - , - , - , - , - , - , - , - , - , - , - , - , - , - , - , - , - , - ,0,0,0
269,,Morshi,15.6, - , - , - , - , - , - , - , - , - , - , - , - , - , - , - , - , - , - , - , - , - , - , - , - , - , - , - , - , - , - ,0,0,0
270,,Warud,16.9, - , - , - , - , - , - , - , - , - , - , - , - , - , - , - , - , - , - , - , - , - , - , - , - , - , - , - , - , - , - ,0,0,0
271,,Daryapur,20.8, - , - , - , - , - , - , - , - , - , - , - , - , - , - , - , - , - , - , - , - , - , - , - , - , - , - , - , - , - , - ,0,0,0
272,,Anjangaon,25.5, - , - , - , - , - , - , - , - , - , - , - , - , - , - , - , - , - , - , - , - , - , - , - , - , - , - , - , - , - , - ,0,0,0
273,,Achalpur,23.2, - , - , - , - , - , - , - , - , - , - , - , - , - , - , - , - , - , - , - , - , - , - , - , - , - , - , - , - , - , - ,0,0,0
274,,Chandubajar,18.8, - , - , - , - , - , - , - , - , - , - , - , - , - , - , - , - , - , - , - , - , - , - , - , - , - , - , - , - , - , - ,0,0,0
275,,Dhamangaon railway,15.3, - , - , - , - , - , - , - , - , - , - , - , - , - , - , - , - , - , - , - , - , - , - , - , - , - , - , - , - , - , - ,0,0,0
276,Yavatmal,Yavatmal,20.4, - , - , - , - , - , - , - , - , - , - , - , - , - , - , - , - , - , - , - , - , - , - , - , - , - , - , - , - , - , - ,0,0,0
277,,Bhabulgaon,20.4, - , - , - , - , - , - , - , - , - , - , - , - , - , - , - , - , - , - , - , - , - , - , - , - , - , - , - , - , - , - ,0,0,0
278,,Kalam,20.4, - , - , - , - , - , - , - , - , - , - , - , - , - , - , - , - , - , - , - , - , - , - , - , - , - , - , - , - , - , - ,0,0,0
279,,Darwha,17.2, - , - , - , - , - , - , - , - , - , - , - , - , - , - , - , - , - , - , - , - , - , - , - , - , - , - , - , - , - , - ,0,0,0
280,,Digras,21.0, - , - , - , - , - , - , - , - , - , - , - , - , - , - , - , - , - , - , - , - , - , - , - , - , - , - , - , - , - , - ,0,0,0
281,,Arni,21.0, - , - , - , - , - , - , - , - , - , - , - , - , - , - , - , - , - , - , - , - , - , - , - , - , - , - , - , - , - , - ,0,0,0
282,,Ner,16.5, - , - , - , - , - , - , - , - , - , - , - , - , - , - , - , - , - , - , - , - , - , - , - , - , - , - , - , - , - , - ,0,0,0
283,,Pusad,23.1, - , - , - , - , - , - , - , - , - , - , - , - , - , - , - , - , - , - , - , - , - , - , - , - , - , - , - , - , - , - ,0,0,0
284,,Umerkhed,19.0, - , - , - , - , - , - , - , - , - , - , - , - , - , - , - , - , - , - , - , - , - , - , - , - , - , - , - , - , - , - ,0,0,0
285,,Mohagaon,19.0, - , - , - , - , - , - , - , - , - , - , - , - , - , - , - , - , - , - , - , - , - , - , - , - , - , - , - , - , - , - ,0,0,0
286,,Wani,13.9, - , - , - , - , - , - , - , - , - , - , - , - , - , - , - , - , - , - , - , - , - , - , - , - , - , - , - , - , - , - ,0,0,0
287,,Maregaon,13.9, - , - , - , - , - , - , - , - , - , - , - , - , - , - , - , - , - , - , - , - , - , - , - , - , - , - , - , - , - , - ,0,0,0
288,,Zarijamni,13.9, - , - , - , - , - , - , - , - , - , - , - , - , - , - , - , - , - , - , - , - , - , - , - , - , - , - , - , - , - , - ,0,0,0
289,,Kelapur,15.9, - , - , - , - , - , - , - , - , - , - , - , - , - , - , - , - , - , - , - , - , - , - , - , - , - , - , - , - , - , - ,0,0,0
290,,Ghatanji,15.9, - , - , - , - , - , - , - , - , - , - , - , - , - , - , - , - , - , - , - , - , - , - , - , - , - , - , - , - , - , - ,0,0,0
291,,Ralegaon,15.9, - , - , - , - , - , - , - , - , - , - , - , - , - , - , - , - , - , - , - , - , - , - , - , - , - , - , - , - , - , - ,0,0,0
292,Wardha,Arvi,15.7,15.5,21.2,0.0, - , - , - , - , - , - , - , - , - , - , - , - , - , - , - , - , - , - , - , - , - , - , - , - , - , - , - ,36.7,233.8,2
293,,Karanja,15.7,6.0,0.0,8.6, - , - , - , - , - , - , - , - , - , - , - , - , - , - , - , - , - , - , - , - , - , - , - , - , - , - , - ,14.6,93,2
294,,Ashti,15.7,4.0,0.0,0.0, - , - , - , - , - , - , - , - , - , - , - , - , - , - , - , - , - , - , - , - , - , - , - , - , - , - , - ,4,24.8,1
295,,Wardha,16.1,0.8,9.0,0.0, - , - , - , - , - , - , - , - , - , - , - , - , - , - , - , - , - , - , - , - , - , - , - , - , - , - , - ,9.8,60.9,1
296,,Seloo,16.1,0.0,5.4,0.0, - , - , - , - , - , - , - , - , - , - , - , - , - , - , - , - , - , - , - , - , - , - , - , - , - , - , - ,5.4,33.5,1
297,,Devali,16.1,0.0,0.0,0.0, - , - , - , - , - , - , - , - , - , - , - , - , - , - , - , - , - , - , - , - , - , - , - , - , - , - , - ,0,0,0
298,,Hinganghat,16.2,10.3,0.0,0.0, - , - , - , - , - , - , - , - , - , - , - , - , - , - , - , - , - , - , - , - , - , - , - , - , - , - , - ,10.3,63.6,1
299,,Samudrpur,16.2,37.2,0.0,0.0, - , - , - , - , - , - , - , - , - , - , - , - , - , - , - , - , - , - , - , - , - , - , - , - , - , - , - ,37.2,225.5,1
300,Nagpur,Nagpur city,16.5,0.0,0.0,13.6,6.2, - , - , - , - , - , - , - , - , - , - , - , - , - , - , - , - , - , - , - , - , - , - , - , - , - , - ,19.8,582.4,2
301,,Nagpur gramin,3.4,1.2,0.4,11.2,0.4, - , - , - , - , - , - , - , - , - , - , - , - , - , - , - , - , - , - , - , - , - , - , - , - , - , - ,13.2,388.2,1
302,,Kamthi,3.4,0.0,0.0,2.0,0.0, - , - , - , - , - , - , - , - , - , - , - , - , - , - , - , - , - , - , - , - , - , - , - , - , - , - ,2,58.8,0
303,,Hingni,3.4,0.0,0.3,0.0,0.3, - , - , - , - , - , - , - , - , - , - , - , - , - , - , - , - , - , - , - , - , - , - , - , - , - , - ,0.6,4.3,0
304,,Ramtek,14.1,17.8,0.0,0.0,0.0, - , - , - , - , - , - , - , - , - , - , - , - , - , - , - , - , - , - , - , - , - , - , - , - , - , - ,17.8,167.9,1
305,,Parshiwani,10.6,10.7,0.0,18.2,0.0, - , - , - , - , - , - , - , - , - , - , - , - , - , - , - , - , - , - , - , - , - , - , - , - , - , - ,28.9,205,2
306,,Maudha,14.1,2.4,0.0,0.0,0.0, - , - , - , - , - , - , - , - , - , - , - , - , - , - , - , - , - , - , - , - , - , - , - , - , - , - ,2.4,14.6,0
307,,Katol,16.4,6.4,0.0,0.0,16.2, - , - , - , - , - , - , - , - , - , - , - , - , - , - , - , - , - , - , - , - , - , - , - , - , - , - ,22.6,137.8,2
308,,Narkhed,16.4,10.4,0.0,0.0,9.0, - , - , - , - , - , - , - , - , - , - , - , - , - , - , - , - , - , - , - , - , - , - , - , - , - , - ,19.4,120.5,2
309,,Savner,16.1,0.0,0.0,0.0,5.4, - , - , - , - , - , - , - , - , - , - , - , - , - , - , - , - , - , - , - , - , - , - , - , - , - , - ,5.4,33.5,1
310,,Kalmeshwar,16.1,0.0,0.0,2.0,55.4, - , - , - , - , - , - , - , - , - , - , - , - , - , - , - , - , - , - , - , - , - , - , - , - , - , - ,57.4,372.7,1
311,,Umrer,15.4,7.6,0.0,0.0,0.0, - , - , - , - , - , - , - , - , - , - , - , - , - , - , - , - , - , - , - , - , - , - , - , - , - , - ,7.6,49.4,1
312,,Bhiwapur,15.4,0.0,0.0,0.0,0.0, - , - , - , - , - , - , - , - , - , - , - , - , - , - , - , - , - , - , - , - , - , - , - , - , - , - ,0,0,0
313,,Kuhi,15.4,2.2,0.0,0.0,0.0, - , - , - , - , - , - , - , - , - , - , - , - , - , - , - , - , - , - , - , - , - , - , - , - , - , - ,2.2,16.9,0
314,Bhandara,Bhandara,13.0, - , - , - , - , - , - , - , - , - , - , - , - , - , - , - , - , - , - , - , - , - , - , - , - , - , - , - , - , - , - ,0,0,0
315,,Mohadi,13.0, - , - , - , - , - , - , - , - , - , - , - , - , - , - , - , - , - , - , - , - , - , - , - , - , - , - , - , - , - , - ,0,0,0
316,,Tumsar,13.0, - , - , - , - , - , - , - , - , - , - , - , - , - , - , - , - , - , - , - , - , - , - , - , - , - , - , - , - , - , - ,0,0,0
317,,Pavni,19.4, - , - , - , - , - , - , - , - , - , - , - , - , - , - , - , - , - , - , - , - , - , - , - , - , - , - , - , - , - , - ,0,0,0
318,,Sakoli,11.4, - , - , - , - , - , - , - , - , - , - , - , - , - , - , - , - , - , - , - , - , - , - , - , - , - , - , - , - , - , - ,0,0,0
319,,Lakhandur,11.4, - , - , - , - , - , - , - , - , - , - , - , - , - , - , - , - , - , - , - , - , - , - , - , - , - , - , - , - , - , - ,0,0,0
320,,Lakhani,9.1, - , - , - , - , - , - , - , - , - , - , - , - , - , - , - , - , - , - , - , - , - , - , - , - , - , - , - , - , - , - ,0,0,0
321,Gondia,Gondia,22.9,0.0,0.0,0.0,0.0,0.0,0.0,0.0,0.0,0.0,0.0,0.0,0.0,0.0,0.0,0.0,0.0,0.0,0.0,0.0,0.0,0.0,0.0,0.0,0.0,0.0,0.0,0.0,0.0, - , - ,0,0,0
322,,Amgaon,22.9,0.0,0.0,0.0,0.0,0.0,0.0,0.0,0.0,0.0,0.0,0.0,0.0,0.0,0.0,0.0,0.0,0.0,0.0,0.0,0.0,0.0,0.0,0.0,0.0,0.0,0.0,0.0,0.0, - , - ,0,0,0
323,,Tiroda,12.2,0.0,10.8,0.0,0.0,0.0,0.0,0.0,0.0,0.0,0.0,0.0,0.0,0.0,0.0,0.0,0.0,0.0,0.0,0.0,0.0,0.0,0.0,0.0,0.0,0.0,0.0,0.0,0.0, - , - ,10.8,47.2,1
324,,Goregaon,22.9,0.0,0.0,0.0,0.0,0.0,0.0,0.0,0.0,0.0,0.0,0.0,0.0,0.0,0.0,0.0,0.0,0.0,0.0,0.0,0.0,0.0,0.0,0.0,0.0,0.0,0.0,0.0,0.0, - , - ,0,0,0
325,,Salekasa,22.9,0.0,0.0,2.2,2.2,0.0,0.0,0.0,0.0,0.0,0.0,0.0,0.0,0.0,0.0,0.0,0.0,0.0,0.0,0.0,0.0,0.0,0.0,0.0,0.0,0.0,0.0,0.0,0.0, - , - ,4.4,57.9,0
326,,Devari,7.6,0.0,0.0,0.0,0.0,0.0,0.0,0.0,0.0,0.0,0.0,0.0,0.0,0.0,0.0,0.0,0.0,0.0,0.0,0.0,0.0,0.0,0.0,0.0,0.0,0.0,0.0,0.0,0.0, - , - ,0,0,0
327,,Morgaon arjuni,11.4,2.8,0.0,0.0,0.0,0.0,0.0,0.0,0.0,0.0,0.0,0.0,0.0,0.0,0.0,0.0,0.0,0.0,0.0,0.0,0.0,0.0,0.0,0.0,0.0,0.0,0.0,0.0,0.0, - , - ,2.8,36.8,1
328,,Sadak arjuni,7.6,0.0,0.0,0.0,0.0,0.0,0.0,0.0,0.0,0.0,0.0,0.0,0.0,0.0,0.0,0.0,0.0,0.0,0.0,0.0,0.0,0.0,0.0,0.0,0.0,0.0,0.0,0.0,0.0, - , - ,0,0,0
329,Chandrapur,Chandrpur,10.4,1.6,0.0,0.0,0.0,0.0,0.0,0.0,0.0,0.0,0.0,0.0,0.0,0.0,0.0,0.0,0.0,0.0,0.0,0.0,0.0,0.0,0.0,0.0,0.0,0.0,0.0,0.0,0.0,0.0, - ,1.6,12.4,0
330,,Mul,12.9,2.4,4.0,0.0,0.0,0.0,0.0,0.0,0.0,0.0,0.0,0.0,0.0,0.0,0.0,0.0,0.0,0.0,0.0,0.0,0.0,0.0,0.0,0.0,0.0,0.0,0.0,0.0,0.0,0.0, - ,6.4,49.6,1
331,,Gondpimpri,12.9,1.2,0.0,0.0,0.0,0.0,0.0,0.0,0.0,0.0,0.0,0.0,0.0,0.0,0.0,0.0,0.0,0.0,0.0,0.0,0.0,0.0,0.0,0.0,0.0,0.0,0.0,0.0,0.0,0.0, - ,1.2,8.8,0
332,,Varora,13.7,14.4,0.0,0.0,0.0,0.0,0.0,0.0,0.0,0.0,0.0,0.0,0.0,0.0,0.0,0.0,0.0,0.0,0.0,0.0,0.0,0.0,0.0,0.0,0.0,0.0,0.0,0.0,0.0,0.0, - ,14.4,105.1,1
333,,Bhdravati,13.7,10.8,0.0,0.0,0.0,0.0,0.0,0.0,0.0,0.0,0.0,0.0,0.0,0.0,0.0,0.0,0.0,0.0,0.0,0.0,0.0,0.0,0.0,0.0,0.0,0.0,0.0,0.0,0.0,0.0, - ,10.8,98.2,1
334,,Chimur,11.0,10.4,0.0,0.0,0.0,0.0,0.0,0.0,0.0,0.0,0.0,0.0,0.0,0.0,0.0,0.0,0.0,0.0,0.0,0.0,0.0,0.0,0.0,0.0,0.0,0.0,0.0,0.0,0.0,0.0, - ,10.4,114.3,1
335,,Bramhpuri,9.1,0.4,0.0,0.0,0.0,0.0,0.0,0.0,0.0,0.0,0.0,0.0,0.0,0.0,0.0,0.0,0.0,0.0,0.0,0.0,0.0,0.0,0.0,0.0,0.0,0.0,0.0,0.0,0.0,0.0, - ,0.4,4.4,0
336,,Nagbhid,9.1,4.2,0.0,0.0,0.0,0.0,0.0,0.0,0.0,0.0,0.0,0.0,0.0,0.0,0.0,0.0,0.0,0.0,0.0,0.0,0.0,0.0,0.0,0.0,0.0,0.0,0.0,0.0,0.0,0.0, - ,4.2,60.9,1
337,,Sindhewahi,6.9,2.0,0.0,0.0,0.0,0.0,0.0,0.0,0.0,0.0,0.0,0.0,0.0,0.0,0.0,0.0,0.0,0.0,0.0,0.0,0.0,0.0,0.0,0.0,0.0,0.0,0.0,0.0,0.0,0.0, - ,2,15.5,0
338,,Rajura,12.9,0.0,0.0,0.0,0.0,0.0,0.0,0.0,0.0,0.0,0.0,0.0,0.0,0.0,0.0,0.0,0.0,0.0,0.0,0.0,0.0,0.0,0.0,0.0,0.0,0.0,0.0,0.0,0.0,0.0, - ,0,0,0
339,,Korpana,12.9,14.4,0.0,0.0,0.0,0.0,0.0,0.0,0.0,0.0,0.0,0.0,0.0,0.0,0.0,0.0,0.0,0.0,0.0,0.0,0.0,0.0,0.0,0.0,0.0,0.0,0.0,0.0,0.0,0.0, - ,14.4,111.6,1
340,,Savali,12.9,2.0,3.0,0.0,0.0,0.0,0.0,0.0,0.0,0.0,0.0,0.0,0.0,0.0,0.0,0.0,0.0,0.0,0.0,0.0,0.0,0.0,0.0,0.0,0.0,0.0,0.0,0.0,0.0,0.0, - ,5,5000,1
341,,Ballarpur,0.1,2.2,0.0,0.0,0.0,0.0,0.0,0.0,0.0,0.0,0.0,0.0,0.0,0.0,0.0,0.0,0.0,0.0,0.0,0.0,0.0,0.0,0.0,0.0,0.0,0.0,0.0,0.0,0.0,0.0, - ,2.2,17.1,0
342,,Pombhurna,12.9,0.0,8.4,0.0,0.0,0.0,0.0,0.0,0.0,0.0,0.0,0.0,0.0,0.0,0.0,0.0,0.0,0.0,0.0,0.0,0.0,0.0,0.0,0.0,0.0,0.0,0.0,0.0,0.0,0.0, - ,8.4,8400,1
343,,Jivati,0.1,2.5,0.0,0.0,0.0,0.0,0.0,0.0,0.0,0.0,0.0,0.0,0.0,0.0,0.0,0.0,0.0,0.0,0.0,0.0,0.0,0.0,0.0,0.0,0.0,0.0,0.0,0.0,0.0,0.0, - ,2.5,19.2,0
344,Gadchiroli,Gadchiroli,13.0,0.0,2.0,0.0,0.0, - , - , - , - ,0.0,0.0,0.0,0.0,0.0,0.0,0.0,0.0,0.0,0.0,0.0,0.0,0.0,0.0,0.0,0.0,0.0,0.0,0.0,0.0,0.0,0.0,2,15.4,0
345,,Kurkheda,13.0,25.6,5.4,0.0,0.0, - , - , - , - ,0.0,0.0,0.0,0.0,0.0,0.0,0.0,0.0,0.0,0.0,0.0,0.0,0.0,0.0,0.0,0.0,0.0,0.0,0.0,0.0,0.0,0.0,31,265,2
346,,Armori,11.7,5.6,0.0,0.0,0.0, - , - , - , - ,0.0,0.0,0.0,0.0,0.0,0.0,0.0,0.0,0.0,0.0,0.0,0.0,0.0,0.0,0.0,0.0,0.0,0.0,0.0,0.0,0.0,0.0,5.6,43.1,1
347,,Chamorshi,13.0,2.0,0.0,0.0,0.0, - , - , - , - ,0.0,0.0,0.0,0.0,0.0,0.0,0.0,0.0,0.0,0.0,0.0,0.0,0.0,0.0,0.0,0.0,0.0,0.0,0.0,0.0,0.0,0.0,2,14.2,0
348,,Sironcha,14.1,63.0,5.8,4.6,0.0, - , - , - , - ,11.2,0.0,0.0,0.0,0.0,0.0,0.0,0.0,0.0,0.0,0.0,0.0,0.0,0.0,0.0,0.0,0.0,0.0,0.0,0.0,0.0,0.0,84.6,699.2,4
349,,Aheri,12.1,13.0,20.0,2.0,0.0, - , - , - , - ,0.0,0.0,0.0,0.0,0.0,0.0,0.0,0.0,0.0,0.0,0.0,0.0,0.0,0.0,0.0,0.0,0.0,0.0,0.0,0.0,0.0,0.0,35,289.3,2
350,,Etapalli,12.1,6.0,6.3,2.3,0.0, - , - , - , - ,0.0,0.0,0.0,0.0,0.0,0.0,0.0,0.0,0.0,0.0,0.0,0.0,0.0,0.0,0.0,0.0,0.0,0.0,0.0,0.0,0.0,0.0,14.6,95.4,2
351,,Dhanora,15.3,9.0,2.0,0.0,0.0, - , - , - , - ,0.0,0.0,0.0,0.0,0.0,0.0,0.0,0.0,0.0,0.0,0.0,0.0,0.0,0.0,0.0,0.0,0.0,0.0,0.0,0.0,0.0,0.0,11,84.6,1
352,,Korchi,13.0,17.0,0.0,0.0,0.0, - , - , - , - ,0.0,0.0,0.0,0.0,0.0,0.0,0.0,0.0,0.0,0.0,0.0,0.0,0.0,0.0,0.0,0.0,0.0,0.0,0.0,0.0,0.0,0.0,17,145.3,1
353,,Desaiganj  wadsa,11.7,7.2,0.0,0.0,0.0, - , - , - , - ,0.0,0.0,0.0,0.0,0.0,0.0,0.0,0.0,0.0,0.0,0.0,0.0,0.0,0.0,0.0,0.0,0.0,0.0,0.0,0.0,0.0,0.0,7.2,55.4,1
354,,Mulchera,13.0,0.0,0.0,0.0,0.0, - , - , - , - ,0.0,0.0,0.0,0.0,0.0,0.0,0.0,0.0,0.0,0.0,0.0,0.0,0.0,0.0,0.0,0.0,0.0,0.0,0.0,0.0,0.0,0.0,0,0,0
355,,Bhamragad,12.1,95.2,38.2,2.2,0.0, - , - , - , - ,0.0,0.0,0.0,0.0,0.0,0.0,0.0,0.0,0.0,0.0,0.0,0.0,0.0,0.0,0.0,0.0,0.0,0.0,0.0,0.0,0.0,0.0,135.6,1120.7,2
